clean_address,lon,lat
"1050 DAVID LEE COFFEE RD, ASHEVILLE, NC",NA,NA
"1050 E HIAWATHA ST, ASHEVILLE, NC",-82.6276774,35.6266753
"1050 HAYWOOD RD AND BELMONT AVE, ASHEVILLE, NC",-82.6069756,35.5822289
"1050 HAYWOOD RD AND COVINGTON ST, ASHEVILLE, NC",-82.6060941,35.5814969
"1050 HAYWOOD RD AND JOHNSTON BLVD, ASHEVILLE, NC",-82.6082124,35.5829119
"1050 HAYWOOD RD AND PATTON AVE, ASHEVILLE, NC",-82.6082124,35.5829119
"1050 HAYWOOD RD, ASHEVILLE, NC",-82.6055754,35.5809804
"1240 AND BROADWAY, ASHEVILLE, NC",-82.5548059,35.5991718
"1-240 E AND MM 5.2, ASHEVILLE, NC",NA,NA
"1250 WINKLES RD, ASHEVILLE, NC",NA,NA
"12901240, ASHEVILLE, NC",NA,NA
"140 W AND EXIT 44, ASHEVILLE, NC",-82.6387594,35.5593274
"140E MM 47, ASHEVILLE, NC",NA,NA
"14150 I 26 AND RAMP, ASHEVILLE, NC",NA,NA
"1450 MERRIMON AVE AND STRATFORD RD, ASHEVILLE, NC",-82.571352,35.6370576
"1450 MERRIMON AVE AND WOODBINE RD, ASHEVILLE, NC",-82.5739282,35.6370426
"1450 MERRIMON AVE, ASHEVILLE, NC",-82.5742487,35.6370433
"1450 PATTON AVE AND DARTMOUTH ST, ASHEVILLE, NC",-82.6105279,35.5796201
"1450 PATTON AVE AND DEAVERVIEW RD, ASHEVILLE, NC",-82.6103645,35.5802088
"1450 PATTON AVE AND GILL ST, ASHEVILLE, NC",-82.6122817,35.5777209
"1450 PATTON AVE AND RUMBOUGH PL, ASHEVILLE, NC",-82.6124198,35.577648
"1450 PATTON AVE, ASHEVILLE, NC",-82.610978,35.5788016
"150 ANN ST, ASHEVILLE, NC",NA,NA
"150 ASHELAND AVE AND HILLIARD AVE, ASHEVILLE, NC",-82.557545,35.5911661
"150 ASHELAND AVE AND MORGAN AVE, ASHEVILLE, NC",-82.5575596,35.5888607
"150 ASHELAND AVE AND PATTON AVE, ASHEVILLE, NC",-82.5584985,35.594124
"150 ASHELAND AVE, ASHEVILLE, NC",-82.5586487,35.5888099
"150 ASHELAND, ASHEVILLE, NC",-82.5586487,35.5888099
"150 ASTON ST AND BILTMORE AVE, ASHEVILLE, NC",-82.5533804,35.5931912
"150 ASTON ST AND BUNCOMBE ST, ASHEVILLE, NC",-82.5562253,35.5929198
"150 ASTON ST AND CHURCH ST, ASHEVILLE, NC",-82.5552607,35.5928663
"150 ASTON ST AND COXE AVE, ASHEVILLE, NC",-82.5572457,35.592724
"150 ASTON ST AND S LEXINGTON AVE, ASHEVILLE, NC",-82.5542418,35.5930296
"150 ASTON ST, ASHEVILLE, NC",-82.5552607,35.5928663
"150 ATKINS CIR, ASHEVILLE, NC",-80.8456849,35.0679389
"150 ATKINSON ST AND RIVERSIDE DR TO I26 E, ASHEVILLE, NC",NA,NA
"150 AVALON DR, ASHEVILLE, NC",-82.5231013,35.460657
"150 AZALEA DR, ASHEVILLE, NC",-82.5187303,35.4806348
"150 AZALEA RD E AND GASH FARM RD, ASHEVILLE, NC",-82.4769671,35.5783142
"150 AZALEA RD E AND TUNNEL RD, ASHEVILLE, NC",-82.4745694,35.5848473
"150 AZALEA RD E, ASHEVILLE, NC",-82.4841291,35.5759198
"150 AZALEA RD, ASHEVILLE, NC",-82.494407,35.5710815
"150 BARLETT ST, ASHEVILLE, NC",-82.4729574,35.6053798
"150 BARTLETT ST AND BLANTON ST, ASHEVILLE, NC",-82.5597702,35.5827833
"150 BARTLETT ST AND DEPOT ST, ASHEVILLE, NC",-82.5666024,35.5811878
"150 BARTLETT ST AND JOHN ST, ASHEVILLE, NC",-82.5643641,35.5817462
"150 BARTLETT ST AND ORA ST, ASHEVILLE, NC",-82.5631866,35.5826493
"150 BARTLETT ST AND RALPH ST, ASHEVILLE, NC",-82.5661467,35.5812227
"150 BARTLETT ST AND S FRENCH BROAD AVE, ASHEVILLE, NC",-82.5618428,35.5828151
"150 BARTLETT ST NEAR APARTMENT 326, ASHEVILLE, NC",-82.5618428,35.5828151
"150 BARTLETT ST PVA, ASHEVILLE, NC",NA,NA
"150 BARTLETT ST, ASHEVILLE, NC",-82.5616486,35.5826463
"150 BATTERY PARK ALY AND PAGE AVE, ASHEVILLE, NC",-82.5581887,35.5950096
"150 BATTERY PARK ALY, ASHEVILLE, NC",-82.5579754,35.5950573
"150 BATTERY PARK AVE AND HAYWOOD ST, ASHEVILLE, NC",-82.5566859,35.5953666
"150 BATTERY PARK AVE AND OTIS ST, ASHEVILLE, NC",-82.5594429,35.5947435
"150 BATTERY PARK AVE AND PAGE AVE, ASHEVILLE, NC",-82.5581887,35.5950096
"150 BATTERY PARK AVE AND WALL ST, ASHEVILLE, NC",-82.5571149,35.5952499
"150 BATTERY PARK AVE, ASHEVILLE, NC",-82.5579754,35.5950573
"150 BEAR CREEK DR AND N BEAR CREEK RD, ASHEVILLE, NC",-82.6165343,35.5787354
"150 BEAR CREEK DR, ASHEVILLE, NC",-82.6205046,35.5724742
"150 BEAR CREEK RD AND BEAR CREEK LN, ASHEVILLE, NC",-82.6133493,35.5705138
"150 BEAR CREEK RD AND MIMOSA DR, ASHEVILLE, NC",-82.6147794,35.5749024
"150 BEAR CREEK RD AND PATTON AVE, ASHEVILLE, NC",-82.6136242,35.5768896
"150 BEAR CREEK RD, ASHEVILLE, NC",-82.6133493,35.5705138
"150 BILTMORE AVE AND ASTON ST, ASHEVILLE, NC",-82.5533804,35.5931912
"150 BILTMORE AVE AND HILLIARD AVE, ASHEVILLE, NC",-82.5531002,35.5911224
"150 BILTMORE AVE AND S CHARLOTTE ST, ASHEVILLE, NC",-82.5539195,35.588399
"150 BILTMORE AVE AND S MARKET ST, ASHEVILLE, NC",-82.5531002,35.5911224
"150 BILTMORE AVE AND SOUTHSIDE AVE, ASHEVILLE, NC",-82.5539195,35.588399
"150 BILTMORE AVE AND SYCAMORE ST, ASHEVILLE, NC",-82.5532825,35.5928379
"150 BILTMORE AVE, ASHEVILLE, NC",-82.5531909,35.5814782
"150 BILTMORE PLZ AND LODGE ST, ASHEVILLE, NC",-82.5443323,35.5673597
"150 BINGHAM RD AND ADAMS HILL RD, ASHEVILLE, NC",-82.5887916,35.6040483
"150 BINGHAM RD AND EMMA RD, ASHEVILLE, NC",,
"150 BINGHAM RD AND PEARSON BRIDGE RD, ASHEVILLE, NC",,
"150 BINGHAM RD, ASHEVILLE, NC",,
"150 BINGHAM, ASHEVILLE, NC",,
"150 BIRD SONG LN, ASHEVILLE, NC",,
"150 BLACK FOREST LN, ASHEVILLE, NC",,
"150 BRANDI KING AVE, ASHEVILLE, NC",,
"150 BREVARD RD AND HAYWOOD RD, ASHEVILLE, NC",,
"150 BREVARD RD TO I240 E AND I240 E, ASHEVILLE, NC",,
"150 BROADWAY AVE, ASHEVILLE, NC",,
"150 BROADWAY ST AND BORDEAU PL, ASHEVILLE, NC",,
"150 BROADWAY ST AND BROADWAY ST TO I240 E, ASHEVILLE, NC",,
"150 BROADWAY ST AND BROADWAY ST TO I240 W, ASHEVILLE, NC",,
"150 BROADWAY ST AND CHERRY ST N, ASHEVILLE, NC",,
"150 BROADWAY ST AND COLLEGE ST, ASHEVILLE, NC",,
"150 BROADWAY ST AND I240 E TO MERRIMON AVE, ASHEVILLE, NC",,
"150 BROADWAY ST AND I240 W, ASHEVILLE, NC",,
"150 BROADWAY ST AND I-240, ASHEVILLE, NC",,
"150 BROADWAY ST AND MERRIMON AVE, ASHEVILLE, NC",,
"150 BROADWAY ST AND N LEXINGTON AVE, ASHEVILLE, NC",,
"150 BROADWAY ST AND WOODFIN ST, ASHEVILLE, NC",,
"150 BROADWAY ST TO I240 E AND BROADWAY ST TO I240E, ASHEVILLE, NC",,
"150 BROADWAY ST TO I26 W HWY, ASHEVILLE, NC",,
"150 BROADWAY ST, ASHEVILLE, NC",,
"150 BROOK ST AND SWANN ST, ASHEVILLE, NC",,
"150 BROOKFIELD DR, ASHEVILLE, NC",,
"150 BROOKLET ST AND BILTMORE AVE, ASHEVILLE, NC",,
"150 BRYSON ST AND BILTMORE AVE, ASHEVILLE, NC",,
"150 BURTON ST AND BAKER AVE, ASHEVILLE, NC",,
"150 BURTON ST AND BOYD AVE, ASHEVILLE, NC",,
"150 BURTON ST AND BUFFALO ST, ASHEVILLE, NC",,
"150 BURTON ST AND DOWNING ST, ASHEVILLE, NC",,
"150 BURTON ST, ASHEVILLE, NC",,
"150 BUTLER RD, ASHEVILLE, NC",,
"150 CAIRN LN, ASHEVILLE, NC",,
"150 CAMELOT DR, ASHEVILLE, NC",,
"150 CEDAR HILL RD, ASHEVILLE, NC",,
"150 CEDAR ST AND FAIRVIEW AVE, ASHEVILLE, NC",,
"150 CEDAR ST AND FAIRVIEW RD, ASHEVILLE, NC",,
"150 CEDAR ST AND WOOD AVE, ASHEVILLE, NC",,
"150 CEDAR ST, ASHEVILLE, NC",,
"150 CESSNA WAY, ASHEVILLE, NC",,
"150 CHAPEL CLARK PL, ASHEVILLE, NC",,
"150 CHARLOTTE ST AND BROAD ST, ASHEVILLE, NC",,
"150 CHARLOTTE ST AND CLYDE ST, ASHEVILLE, NC",,
"150 CHARLOTTE ST AND E CHESTNUT ST, ASHEVILLE, NC",,
"150 CHARLOTTE ST AND I240 E TO CHARLOTTE ST, ASHEVILLE, NC",,
"150 CHARLOTTE ST AND WOODFIN PL, ASHEVILLE, NC",,
"150 CHARLOTTE ST, ASHEVILLE, NC",,
"150 CHERRY ST N AND BROADWAY ST, ASHEVILLE, NC",,
"150 CHERRY ST N AND CUMBERLAND AVE, ASHEVILLE, NC",,
"150 CHERRY ST N AND FLINT ST, ASHEVILLE, NC",,
"150 CHERRY ST N AND HARRISON ST, ASHEVILLE, NC",,
"150 CHERRY ST N AND MONTFORD AVE TO I240 W, ASHEVILLE, NC",,
"150 CHERRY ST N AND MONTFORD AVE, ASHEVILLE, NC",,
"150 CHERRY ST N AND SHORT ST, ASHEVILLE, NC",,
"150 CHERRY ST N, ASHEVILLE, NC",,
"150 CHERRY ST, ASHEVILLE, NC",,
"150 CHESTNUT ST, ASHEVILLE, NC",,
"150 CHILES AVE, ASHEVILLE, NC",,
"150 CHUNNS COVE RD AND I240 E, ASHEVILLE, NC",,
"150 CHUNNS COVE RD TO I240 E AND I240 E, ASHEVILLE, NC",,
"150 CLAXTON PL, ASHEVILLE, NC",,
"150 CLEMSON CT, ASHEVILLE, NC",,
"150 CLIFF ST, ASHEVILLE, NC",,
"150 CLINGMAN AVE AND CLINGMAN AVENUE EXT, ASHEVILLE, NC",,
"150 CLINGMAN AVE AND CLINGMAN PL, ASHEVILLE, NC",,
"150 CLINGMAN AVE AND HAYWOOD RD, ASHEVILLE, NC",,
"150 CLINGMAN AVE AND HAYWOOD ST, ASHEVILLE, NC",,
"150 CLINGMAN AVE AND I240 E TO PATTON AVE, ASHEVILLE, NC",,
"150 CLINGMAN AVE AND OWENS BELL LN, ASHEVILLE, NC",,
"150 CLINGMAN AVE AND PATTON AVE, ASHEVILLE, NC",,
"150 CLINGMAN AVE AND RECTOR ST, ASHEVILLE, NC",,
"150 CLINGMAN AVE TO I240 E AND I240 E, ASHEVILLE, NC",,
"150 CLINGMAN AVE, ASHEVILLE, NC",,
"150 CLINGMAN PL, ASHEVILLE, NC",,
"150 COLLEGE ST AND BROADWAY ST, ASHEVILLE, NC",,
"150 COLLEGE ST AND COURT PLZ, ASHEVILLE, NC",,
"150 COLLEGE ST AND HAYWOOD ST, ASHEVILLE, NC",,
"150 COLLEGE ST AND N LEXINGTON AVE, ASHEVILLE, NC",,
"150 COMMERCE ST AND COXE AVE, ASHEVILLE, NC",,
"150 CORDIAL CT, ASHEVILLE, NC",,
"150 CORNELL ST, ASHEVILLE, NC",,
"150 CORTLAND WAY, ASHEVILLE, NC",,
"150 COURT, ASHEVILLE, NC",,
"150 COURTLAND AVE AND COURTLAND PL, ASHEVILLE, NC",,
"150 COURTLAND AVE AND GUDGER ST, ASHEVILLE, NC",,
"150 COURTLAND AVE AND HOUSTON ST, ASHEVILLE, NC",,
"150 COURTLAND AVE AND MONTFORD AVE, ASHEVILLE, NC",,
"150 COURTLAND AVE, ASHEVILLE, NC",,
"150 COXE AVE AND ASTON ST, ASHEVILLE, NC",,
"150 COXE AVE AND BANKS AVE, ASHEVILLE, NC",,
"150 COXE AVE AND BUXTON AVE, ASHEVILLE, NC",,
"150 COXE AVE AND COMMERCE ST, ASHEVILLE, NC",,
"150 COXE AVE AND FEDERAL ALY, ASHEVILLE, NC",,
"150 COXE AVE AND HILLIARD AVE, ASHEVILLE, NC",,
"150 COXE AVE AND PATTON AVE, ASHEVILLE, NC",,
"150 COXE AVE, ASHEVILLE, NC",,
"150 CRAVEN ST AND EMMA RD, ASHEVILLE, NC",,
"150 CRAVEN ST AND HAYWOOD RD, ASHEVILLE, NC",,
"150 CRAVEN ST AND HAZEL MILL RD, ASHEVILLE, NC",,
"150 CRAVEN ST AND LOGAN AVE, ASHEVILLE, NC",,
"150 CRAVEN ST AND W HAYWOOD ST, ASHEVILLE, NC",,
"150 CRAVEN ST, ASHEVILLE, NC",,
"150 CUCKOO LN, ASHEVILLE, NC",,
"150 CUMBERLAND PL, ASHEVILLE, NC",,
"150 DAILEY DR, ASHEVILLE, NC",,
"150 DAILY DR, ASHEVILLE, NC",,
"150 DEER RUN CT, ASHEVILLE, NC",,
"150 DELAMARE PL, ASHEVILLE, NC",,
"150 DILLINGHAM RD, ASHEVILLE, NC",,
"150 DISTRICT DR, ASHEVILLE, NC",,
"150 DOCTORS DR AND BILTMORE AVE, ASHEVILLE, NC",,
"150 DOCTORS DR, ASHEVILLE, NC",,
"150 DOWNING ST, ASHEVILLE, NC",,
"150 DYSART ST, ASHEVILLE, NC",,
"150 E CHESTNUT ST AND CENTRAL AVE, ASHEVILLE, NC",,
"150 E CHESTNUT ST AND MERRIMON AVE, ASHEVILLE, NC",,
"150 E CHESTNUT ST AND WASHINGTON RD, ASHEVILLE, NC",,
"150 E CHESTNUT ST, ASHEVILLE, NC",,
"150 E WALNUT ST AND LANGREN ALY, ASHEVILLE, NC",,
"150 EAGLE LN, ASHEVILLE, NC",,
"150 EAGLE ST AND BILTMORE AVE, ASHEVILLE, NC",,
"150 EAGLE ST AND DAVIDSON DR, ASHEVILLE, NC",,
"150 EAGLE ST AND S CHARLOTTE ST, ASHEVILLE, NC",,
"150 EAGLE ST AND S SPRUCE ST, ASHEVILLE, NC",,
"150 EAGLE ST AND WILSON ALY, ASHEVILLE, NC",,
"150 EAGLE ST, ASHEVILLE, NC",,
"150 EAST CHESTNUT ST, ASHEVILLE, NC",,
"150 EASTLAND, ASHEVILLE, NC",,
"150 EASTWOOD RD, ASHEVILLE, NC",,
"150 EDGAR ST, ASHEVILLE, NC",,
"150 EDGEWOOD DR AND DOWNING DR, ASHEVILLE, NC",,
"150 ELIAS PL, ASHEVILLE, NC",,
"150 EMORY RD, ASHEVILLE, NC",,
"150 FAIRVIEW RD TO I240 E AND I240 E, ASHEVILLE, NC",,
"150 FENNER AVE, ASHEVILLE, NC",,
"150 FLINT ST AND CHERRY ST N, ASHEVILLE, NC",,
"150 FLINT ST AND ELIZABETH ST, ASHEVILLE, NC",,
"150 FLINT ST AND HIAWASSEE ST, ASHEVILLE, NC",,
"150 FLINT ST AND I240 E, ASHEVILLE, NC",,
"150 FLINT ST AND STARNES AVE, ASHEVILLE, NC",,
"150 FLINT ST, ASHEVILLE, NC",,
"150 FLORIDA AVE AND BALM GROVE AVE, ASHEVILLE, NC",,
"150 FRISBEE RD AND NEW LEICESTER HWY, ASHEVILLE, NC",,
"150 GASH FARM RD, ASHEVILLE, NC",,
"150 GRANADA ST AND HANOVER ST, ASHEVILLE, NC",,
"150 GRANADA ST AND SHORT MICHIGAN AVE, ASHEVILLE, NC",,
"150 GRANADA ST AND STEWART ST, ASHEVILLE, NC",,
"150 GRANADA ST, ASHEVILLE, NC",,
"150 GRANDA ST, ASHEVILLE, NC",,
"150 GRANDY ST, ASHEVILLE, NC",,
"150 GRANITE DR, ASHEVILLE, NC",,
"150 GREELEY ST, ASHEVILLE, NC",,
"150 GREENBRIAR RD, ASHEVILLE, NC",,
"150 GUDGER RD AND SAND HILL SCHOOL RD, ASHEVILLE, NC",,
"150 HANOVER ST AND ALABAMA AVE, ASHEVILLE, NC",,
"150 HANOVER ST AND CLEMSON CT, ASHEVILLE, NC",,
"150 HANOVER ST AND HAYWOOD RD TO I240 E, ASHEVILLE, NC",,
"150 HANOVER ST AND HAYWOOD RD, ASHEVILLE, NC",,
"150 HANOVER ST AND INDIANA AVE, ASHEVILLE, NC",,
"150 HANOVER ST AND MONTANA AVE, ASHEVILLE, NC",,
"150 HANOVER ST AND PENNSYLVANIA AVE, ASHEVILLE, NC",,
"150 HANOVER ST AND STATE ST, ASHEVILLE, NC",,
"150 HANOVER ST, ASHEVILLE, NC",,
"150 HARRISON ST, ASHEVILLE, NC",,
"150 HAYWOOD RD AND CLINGMAN AVE, ASHEVILLE, NC",,
"150 HAYWOOD RD AND EUCLID BLVD, ASHEVILLE, NC",,
"150 HAYWOOD RD AND RIVERVIEW DR, ASHEVILLE, NC",,
"150 HAYWOOD RD AND ROBERTS ST, ASHEVILLE, NC",,
"150 HAYWOOD RD TO I240 E, ASHEVILLE, NC",,
"150 HAYWOOD RD TO I240 W AND I240 W, ASHEVILLE, NC",,
"150 HAYWOOD RD, ASHEVILLE, NC",,
"150 HAYWOOD ST AND BATTERY PARK AVE, ASHEVILLE, NC",,
"150 HAYWOOD ST AND FLINT ST, ASHEVILLE, NC",,
"150 HAYWOOD ST AND HAYWOOD ST TO I240 E, ASHEVILLE, NC",,
"150 HAYWOOD ST AND MONTFORD AVE, ASHEVILLE, NC",,
"150 HAYWOOD ST AND N FRENCH BROAD AVE, ASHEVILLE, NC",,
"150 HAYWOOD ST AND PAGE AVE, ASHEVILLE, NC",,
"150 HAYWOOD ST AND VANDERBILT PL, ASHEVILLE, NC",,
"150 HAYWOOD ST TO I240 E AND FLINT ST, ASHEVILLE, NC",,
"150 HAYWOOD ST, ASHEVILLE, NC",,
"150 HAYWOOD STR, ASHEVILLE, NC",,
"150 HAYWOOD STREET, ASHEVILLE, NC",,
"150 HENDERSONVILLE RD AND ALL SOULS CRES, ASHEVILLE, NC",,
"150 HENDERSONVILLE RD AND ANGLE ST, ASHEVILLE, NC",,
"150 HENDERSONVILLE RD AND THOMPSON ST, ASHEVILLE, NC",,
"150 HENDERSONVILLE RD AND VANDERBILT RD, ASHEVILLE, NC",,
"150 HENDERSONVILLE RD N TO I40 E AND I40 E, ASHEVILLE, NC",,
"150 HENDERSONVILLE RD, ASHEVILLE, NC",,
"150 HILLIARD AVE AND CHURCH ST, ASHEVILLE, NC",,
"150 HILLIARD AVE AND COXE AVE, ASHEVILLE, NC",,
"150 HILLIARD AVE AND FEDERAL ALY, ASHEVILLE, NC",,
"150 HILLIARD AVE AND RAVENSCROFT DR, ASHEVILLE, NC",,
"150 HILLIARD AVE AND S MARKET ST, ASHEVILLE, NC",,
"150 HILLIARD AVE, ASHEVILLE, NC",,
"150 HUNT HILL PL AND EDGEHILL AVE, ASHEVILLE, NC",,
"150 HUNT HILL PL, ASHEVILLE, NC",,
"150 I240 E & I240 W TO TUNNEL RD AND I240 E TO TUNNEL RD, ASHEVILLE, NC",,
"150 I240 E & I240 W TO TUNNEL RD AND I240 E X7 TO TUNNEL RD, ASHEVILLE, NC",,
"150 I240 E & I240 W TO TUNNEL RD, ASHEVILLE, NC",,
"150 I240 E AND BROADWAY ST, ASHEVILLE, NC",,
"150 I240 E AND CHARLOTTE ST, ASHEVILLE, NC",,
"150 I240 E AND EXIT 6, ASHEVILLE, NC",,
"150 I-240 E AND EXIT 6, ASHEVILLE, NC",,
"150 I240 E AND I240 E TO BREVARD RD, ASHEVILLE, NC",,
"150 I240 E AND I240 E TO CHARLOTTE ST, ASHEVILLE, NC",,
"150 I240 E AND I240 E TO FAIRVIEW RD, ASHEVILLE, NC",,
"150 I240 E AND I240 E TO I26 W, ASHEVILLE, NC",,
"150 I240 E AND I240 E TO MERRIMON AVE, ASHEVILLE, NC",,
"150 I240 E AND I240 E TO PATTON AVE W, ASHEVILLE, NC",,
"150 I240 E AND I240 E TO PATTON AVE, ASHEVILLE, NC",,
"150 I240 E AND I240 E TO TUNNEL RD, ASHEVILLE, NC",,
"150 I240 E AND I240 E X6 TO TUNNEL RD, ASHEVILLE, NC",,
"150 I240 E AND I240 E X7 TO TUNNEL RD, ASHEVILLE, NC",,
"150 I240 E AND I240 W TUNNEL RD, ASHEVILLE, NC",,
"150 I240 E AND I26 E TO I240 E, ASHEVILLE, NC",,
"150 I240 E AND I26 W, ASHEVILLE, NC",,
"150 I240 E AND I40 E TO I240 E, ASHEVILLE, NC",,
"150 I240 E AND N LEXINGTON AVE, ASHEVILLE, NC",,
"150 I240 E AND PATTON AVE TO WESTGATE PKWY, ASHEVILLE, NC",,
"150 I240 E AND PATTON AVE, ASHEVILLE, NC",,
"150 I240 E AND TUNNEL RD TO I240 E, ASHEVILLE, NC",,
"150 I240 E AND TUNNEL RD TO I240 W X6, ASHEVILLE, NC",,
"150 I240 E AND WESTGATE PKWY TO PATTON AVE, ASHEVILLE, NC",,
"150 I240 E TO CHARLOTTE ST AND CHARLOTTE ST, ASHEVILLE, NC",,
"150 I240 E TO CHARLOTTE ST, ASHEVILLE, NC",,
"150 I240 E TO FAIRVIEW RD AND FAIRVIEW RD, ASHEVILLE, NC",,
"150 I240 E TO MERRIMON AVE, ASHEVILLE, NC",,
"150 I240 E X6 TO TUNNEL RD, ASHEVILLE, NC",,
"150 I240 E X7 TO TUNNEL RD AND I240 W TO TUNNEL RD, ASHEVILLE, NC",,
"150 I240 E, ASHEVILLE, NC",,
"150 I240 W AND AMBOY RD TO I240 W, ASHEVILLE, NC",,
"150 I240 W AND BREVARD RD TO I240 W, ASHEVILLE, NC",,
"150 I240 W AND BROADWAY ST TO I240 W, ASHEVILLE, NC",,
"150 I240 W AND BROADWAY ST, ASHEVILLE, NC",,
"150 I240 W AND FAIRVIEW RD TO I240 W, ASHEVILLE, NC",,
"150 I240 W AND HAYWOOD RD TO I240 W, ASHEVILLE, NC",,
"150 I240 W AND I240 E TO I40 E AND CHARLOTTE HWY TO I40 E, ASHEVILLE, NC",,
"150 I240 W AND I240 W TO MERRIMON AVE, ASHEVILLE, NC",,
"150 I240 W AND I240 W TO TUNNEL RD X7, ASHEVILLE, NC",,
"150 I240 W AND I26 E TO I240 W, ASHEVILLE, NC",,
"150 I240 W AND I26 E, ASHEVILLE, NC",,
"150 I240 W AND I40 W TO I240 W, ASHEVILLE, NC",,
"150 I240 W AND I40 W, ASHEVILLE, NC",,
"150 I240 W AND MERRIMON AVE TO I240 W, ASHEVILLE, NC",,
"150 I240 W AND PATTON AVE TO I240 W, ASHEVILLE, NC",,
"150 I240 W AND PATTON AVE, ASHEVILLE, NC",,
"150 I240 W AND TUNNEL RD & I240 W TO I240 E, ASHEVILLE, NC",,
"150 I240 W AND TUNNEL RD TO I240 W X6, ASHEVILLE, NC",,
"150 I240 W AND TUNNEL RD TO I240 W X7, ASHEVILLE, NC",,
"150 I240 W AND TUNNEL RD TO I240 W, ASHEVILLE, NC",,
"150 I240 W TO I26 W AND I240 W, ASHEVILLE, NC",,
"150 I240 W, ASHEVILLE, NC",,
"150 I-240 W, ASHEVILLE, NC",,
"150 I2403, ASHEVILLE, NC",,
"150 I26 W TO BROADWAY ST AND BROADWAY ST, ASHEVILLE, NC",,
"150 I26 W TO HILL ST AND HILL ST, ASHEVILLE, NC",,
"150 I26EB AND I240W, ASHEVILLE, NC",,
"150 I40 E TO CHARLOTTE HWY, ASHEVILLE, NC",,
"150 I40 E TO I240 W, ASHEVILLE, NC",,
"150 I40 E TO SWEETEN CREEK RD, ASHEVILLE, NC",,
"150 I40 W TO SMOKEY PARK HWY AND SMOKEY PARK HWY, ASHEVILLE, NC",,
"150 I-40 W, ASHEVILLE, NC",,
"150 JASON ST AND , ASHEVILLE, NC",,
"150 JEFFERSON DR AND W HAYWOOD ST, ASHEVILLE, NC",,
"150 JENNY ST, ASHEVILLE, NC",,
"150 JOHNS ST, ASHEVILLE, NC",,
"150 JOHNSTON BLVD AND BAKER DR S, ASHEVILLE, NC",,
"150 JOHNSTON BLVD AND IVANHOE AVE, ASHEVILLE, NC",,
"150 JOHNSTON BLVD AND LARUE ST, ASHEVILLE, NC",,
"150 JOHNSTON BLVD AND N BEAR CREEK RD, ASHEVILLE, NC",,
"150 JOHNSTON BLVD AND OAKMONT TER, ASHEVILLE, NC",,
"150 JOHNSTON BLVD, ASHEVILLE, NC",,
"150 KENMORE ST, ASHEVILLE, NC",,
"150 KLONDIKE PL, ASHEVILLE, NC",,
"150 LANGREN ALY, ASHEVILLE, NC",,
"150 LAVENDALE AVE, ASHEVILLE, NC",,
"150 LAW ST, ASHEVILLE, NC",,
"150 LEICESTER HWY, ASHEVILLE, NC",,
"150 LEISCESTER HWY, ASHEVILLE, NC",,
"150 LIVINGSTON RD AND , ASHEVILLE, NC",,
"150 LIVINGSTON ST AND CONGRESS ST, ASHEVILLE, NC",,
"150 LIVINGSTON ST AND ERSKINE ST, ASHEVILLE, NC",,
"150 LIVINGSTON ST AND PINE GROVE AVE, ASHEVILLE, NC",,
"150 LIVINGSTON ST, ASHEVILLE, NC",,
"150 LODGE ST AND HENDERSONVILLE RD, ASHEVILLE, NC",,
"150 LODGE ST AND MCDOWELL ST, ASHEVILLE, NC",,
"150 LOFTY AVE, ASHEVILLE, NC",,
"150 LONG SHOALS RD TO I26 W AND , ASHEVILLE, NC",,
"150 LOUISIANA AVE AND MAJESTIC AVE, ASHEVILLE, NC",,
"150 LOWER GRASSY BRANCH RD AND DOGWOOD KNL, ASHEVILLE, NC",,
"150 LOWER GRASSY BRANCH RD AND HICKORY TREE RD, ASHEVILLE, NC",,
"150 LOWER GRASSY BRANCH RD AND THOMAS LEE DR, ASHEVILLE, NC",,
"150 LOWER GRASSY BRANCH RD AND TUNNEL RD, ASHEVILLE, NC",,
"150 LOWER GRASSY BRANCH RD, ASHEVILLE, NC",,
"150 LYMAN ST AND RIVERSIDE DR, ASHEVILLE, NC",,
"150 LYNBROOK DR, ASHEVILLE, NC",,
"150 MAJESTIC AVE AND LOUISIANA AVE, ASHEVILLE, NC",,
"150 MANGO DR, ASHEVILLE, NC",,
"150 MANGO RD, ASHEVILLE, NC",,
"150 MAPLE SPRINGS RD, ASHEVILLE, NC",,
"150 MARTIN LUTHER KING JR DR AND ALEXANDER DR, ASHEVILLE, NC",,
"150 MARTIN LUTHER KING JR DR AND CARROLL AVE, ASHEVILLE, NC",,
"150 MARTIN LUTHER KING JR DR AND COLLEGE ST, ASHEVILLE, NC",,
"150 MARTIN LUTHER KING JR DR AND HAZZARD ST, ASHEVILLE, NC",,
"150 MARTIN LUTHER KING JR DR AND MOUNTAIN ST, ASHEVILLE, NC",,
"150 MARTIN LUTHER KING JR DR AND S CHARLOTTE ST, ASHEVILLE, NC",,
"150 MARTIN LUTHER KING JR DR AND TUSKEEGEE ST, ASHEVILLE, NC",,
"150 MARTIN LUTHER KING JR DR, ASHEVILLE, NC",,
"150 MCCULLEY DR, ASHEVILLE, NC",,
"150 MCDOWELL ST AND HOSPITAL DR, ASHEVILLE, NC",,
"150 MCDOWELL ST AND MCDOWELL ST TO SOUTHSIDE AVE, ASHEVILLE, NC",,
"150 MCDOWELL ST AND MYRTLE ST, ASHEVILLE, NC",,
"150 MCDOWELL ST AND PHIFER ST, ASHEVILLE, NC",,
"150 MCDOWELL ST AND SOUTHSIDE AVE, ASHEVILLE, NC",,
"150 MCDOWELL ST TO SOUTHSIDE AVE AND SOUTHSIDE AVE, ASHEVILLE, NC",,
"150 MCDOWELL ST, ASHEVILLE, NC",,
"150 MCGEE ST, ASHEVILLE, NC",,
"150 MEADOW RD AND AMBOY RD, ASHEVILLE, NC",,
"150 MEADOW RD AND BILTMORE AVE, ASHEVILLE, NC",,
"150 MEADOW RD AND LYMAN ST, ASHEVILLE, NC",,
"150 MEADOW RD AND VICTORIA RD, ASHEVILLE, NC",,
"150 MEADOW RD, ASHEVILLE, NC",,
"150 MERRIMON AVE AND BROADWAY ST, ASHEVILLE, NC",,
"150 MERRIMON AVE AND E CHESTNUT ST, ASHEVILLE, NC",,
"150 MERRIMON AVE AND ELOISE ST, ASHEVILLE, NC",,
"150 MERRIMON AVE AND I240 W TO MERRIMON AVE, ASHEVILLE, NC",,
"150 MERRIMON AVE AND ORANGE ST, ASHEVILLE, NC",,
"150 MERRIMON AVE AND WOODROW AVE, ASHEVILLE, NC",,
"150 MERRIMON AVE, ASHEVILLE, NC",,
"150 MERRIMON, ASHEVILLE, NC",,
"150 MILLER AVE, ASHEVILLE, NC",,
"150 MONTFORD AVE AND BEARDEN AVE, ASHEVILLE, NC",,
"150 MONTFORD AVE AND BLAKE ST, ASHEVILLE, NC",,
"150 MONTFORD AVE AND CHERRY ST N, ASHEVILLE, NC",,
"150 MONTFORD AVE AND COURTLAND AVE, ASHEVILLE, NC",,
"150 MONTFORD AVE AND HILL ST, ASHEVILLE, NC",,
"150 MONTFORD AVE AND I240 W, ASHEVILLE, NC",,
"150 MONTFORD AVE AND W CHESTNUT ST, ASHEVILLE, NC",,
"150 MONTFORD AVE TO I240 W AND I240 W, ASHEVILLE, NC",,
"150 MONTFORD AVE, ASHEVILLE, NC",,
"150 MUCULLEY DR, ASHEVILLE, NC",,
"150 MURDOCK AVE AND ANNANDALE AVE, ASHEVILLE, NC",,
"150 MURDOCK AVE AND COLEMAN AVE, ASHEVILLE, NC",,
"150 MURDOCK AVE AND HILLSIDE ST, ASHEVILLE, NC",,
"150 MURDOCK AVE AND ROBINDALE AVE, ASHEVILLE, NC",,
"150 MURDOCK AVE, ASHEVILLE, NC",,
"150 MYRTLE ST AND MCDOWELL ST, ASHEVILLE, NC",,
"150 N ANN ST AND HAYWOOD ST, ASHEVILLE, NC",,
"150 N ANN ST AND PATTON AVE, ASHEVILLE, NC",,
"150 N ANN ST, ASHEVILLE, NC",,
"150 N BEAR CREEK RD AND BEAR CREEK DR, ASHEVILLE, NC",,
"150 N BEAR CREEK RD AND CUB RD, ASHEVILLE, NC",,
"150 N BEAR CREEK RD AND DEAVERVIEW RD, ASHEVILLE, NC",,
"150 N BEAR CREEK RD AND HUFFMAN RD, ASHEVILLE, NC",,
"150 N BEAR CREEK RD AND JOHNSTON BLVD, ASHEVILLE, NC",,
"150 N BEAR CREEK RD, ASHEVILLE, NC",,
"150 N CHERRY ST, ASHEVILLE, NC",,
"150 N LEX, ASHEVILLE, NC",,
"150 N LEXINGTON AVE AND BROADWAY ST TO I240 W, ASHEVILLE, NC",,
"150 N LEXINGTON AVE AND BROADWAY ST, ASHEVILLE, NC",,
"150 N LEXINGTON AVE AND HIAWASSEE ST, ASHEVILLE, NC",,
"150 N LEXINGTON AVE AND I240 E, ASHEVILLE, NC",,
"150 N LEXINGTON AVE AND I-240, ASHEVILLE, NC",,
"150 N LEXINGTON AVE, ASHEVILLE, NC",,
"150 N MARKET ST AND E WALNUT ST, ASHEVILLE, NC",,
"150 N MARKET ST AND LAWYERS WALK, ASHEVILLE, NC",,
"150 N MARKET ST AND WALNUT ST, ASHEVILLE, NC",,
"150 N MARKET ST AND WOODFIN ST, ASHEVILLE, NC",,
"150 N MARKET ST, ASHEVILLE, NC",,
"150 N PACK SQ, ASHEVILLE, NC",,
"150 N PACK SQUARE, ASHEVILLE, NC",,
"150 NEW LEICESTER HWY AND DRUID DR, ASHEVILLE, NC",,
"150 NEW LEICESTER HWY AND EVELAKE DR, ASHEVILLE, NC",,
"150 NEW LEICESTER HWY AND OLD COUNTY HOME RD, ASHEVILLE, NC",,
"150 NEW LEICESTER HWY, ASHEVILLE, NC",,
"150 NEW LEICESTER, ASHEVILLE, NC",,
"150 NEW PINE LOOP, ASHEVILLE, NC",,
"150 NORTH ANN STREET, ASHEVILLE, NC",,
"150 NORTH MARKET ST, ASHEVILLE, NC",,
"150 NORTH OAK ST, ASHEVILLE, NC",,
"150 OAK PLZ, ASHEVILLE, NC",,
"150 OAK PZ, ASHEVILLE, NC",,
"150 OAK ST, ASHEVILLE, NC",,
"150 OHENRY AVE AND HAYWOOD ST, ASHEVILLE, NC",,
"150 OTTARI RD AND MERRIMON AVE, ASHEVILLE, NC",,
"150 OVERLOOK PL, ASHEVILLE, NC",,
"150 OVERLOOK RD AND BENT OAK LN, ASHEVILLE, NC",,
"150 OVERLOOK RD AND HENDERSONVILLE RD, ASHEVILLE, NC",,
"150 OVERLOOK RD AND PINCHOT DR, ASHEVILLE, NC",,
"150 OVERLOOK RD, ASHEVILLE, NC",,
"150 OXFORD CT AND PINE ACRE BLVD, ASHEVILLE, NC",,
"150 PACK SQ, ASHEVILLE, NC",,
"150 PACK SQUARE, ASHEVILLE, NC",,
"150 PACKS SQUARE, ASHEVILLE, NC",,
"150 PAGE AVE AND BATTERY PARK ALY, ASHEVILLE, NC",,
"150 PAGE AVE AND BATTERY PARK AVE, ASHEVILLE, NC",,
"150 PAGE AVE AND BATTLE SQ, ASHEVILLE, NC",,
"150 PAGE AVE, ASHEVILLE, NC",,
"150 PAIGE AVE, ASHEVILLE, NC",,
"150 PATTON AVE AND ASHELAND AVE, ASHEVILLE, NC",,
"150 PATTON AVE AND CARTER ST, ASHEVILLE, NC",,
"150 PATTON AVE AND CHURCH ST, ASHEVILLE, NC",,
"150 PATTON AVE AND COLLEGE ST, ASHEVILLE, NC",,
"150 PATTON AVE AND COXE AVE, ASHEVILLE, NC",,
"150 PATTON AVE AND GROVE ST, ASHEVILLE, NC",,
"150 PATTON AVE AND HAYWOOD ST, ASHEVILLE, NC",,
"150 PATTON AVE AND N ANN ST, ASHEVILLE, NC",,
"150 PATTON AVE AND N FRENCH BROAD AVE, ASHEVILLE, NC",,
"150 PATTON AVE AND N LEXINGTON AVE, ASHEVILLE, NC",,
"150 PATTON AVE AND N PACK SQ, ASHEVILLE, NC",,
"150 PATTON AVE AND OTIS ST, ASHEVILLE, NC",,
"150 PATTON AVE AND PRITCHARD PARK, ASHEVILLE, NC",,
"150 PATTON AVE AND S ANN ST, ASHEVILLE, NC",,
"150 PATTON AVE AND S FRENCH BROAD AVE, ASHEVILLE, NC",,
"150 PATTON AVE TO I240 W AND I240 W, ASHEVILLE, NC",,
"150 PATTON AVE TO I240 W AND PATTON AVE, ASHEVILLE, NC",,
"150 PATTON AVE W TO I240 W AND HAYWOOD ST, ASHEVILLE, NC",,
"150 PATTON AVE, ASHEVILLE, NC",,
"150 PATTON COVE RD, ASHEVILLE, NC",,
"150 PATTON, ASHEVILLE, NC",,
"150 PEARL ST AND PATTON AVE, ASHEVILLE, NC",,
"150 PINEVIEW ST, ASHEVILLE, NC",,
"150 PORTERS COVE RD AND TUNNEL RD, ASHEVILLE, NC",,
"150 RAINTREE DR, ASHEVILLE, NC",,
"150 RANKIN AVE AND COLLEGE ST, ASHEVILLE, NC",,
"150 REAGAN LN, ASHEVILLE, NC",,
"150 RIDGELAWN RD AND GARDEN CIR, ASHEVILLE, NC",,
"150 RIVER HILLS RD AND , ASHEVILLE, NC",,
"150 RIVER HILLS RD AND WOOD AVE, ASHEVILLE, NC",,
"150 RIVER HILLS RD, ASHEVILLE, NC",,
"150 RIVER HILLS, ASHEVILLE, NC",,
"150 RIVERHILLS RD, ASHEVILLE, NC",,
"150 ROCK HILL RD AND CADY CT, ASHEVILLE, NC",,
"150 ROCK HILL RD AND FOREST LAKE DR, ASHEVILLE, NC",,
"150 ROCK HILL RD AND RIDGELAWN RD, ASHEVILLE, NC",,
"150 ROCK HILL RD AND ROCK HILL PL, ASHEVILLE, NC",,
"150 ROCK HILL RD AND SWEETEN CREEK RD, ASHEVILLE, NC",,
"150 ROCK HILL RD, ASHEVILLE, NC",,
"150 RUFF RD, ASHEVILLE, NC",,
"150 S & T SPIRIT DR, ASHEVILLE, NC",,
"150 S AND W PACK SQ, ASHEVILLE, NC",,
"150 S CHARLOTTE ST AND BEAUMONT ST, ASHEVILLE, NC",,
"150 S CHARLOTTE ST AND COLLEGE ST, ASHEVILLE, NC",,
"150 S CHARLOTTE ST AND EAGLE ST, ASHEVILLE, NC",,
"150 S CHARLOTTE ST AND HAZZARD ST, ASHEVILLE, NC",,
"150 S CHARLOTTE ST AND MAX ST, ASHEVILLE, NC",,
"150 S CHARLOTTE ST, ASHEVILLE, NC",,
"150 S FRENCH BROAD AVE AND DAILEY DR, ASHEVILLE, NC",,
"150 S FRENCH BROAD AVE AND DAILY DR, ASHEVILLE, NC",,
"150 S FRENCH BROAD AVE AND N FRENCH BROAD AVE, ASHEVILLE, NC",,
"150 S FRENCH BROAD AVE AND TIMOTHY ST, ASHEVILLE, NC",,
"150 S FRENCH BROAD AVE, ASHEVILLE, NC",,
"150 S FRENCH BROAD, ASHEVILLE, NC",,
"150 S LESLIE LN, ASHEVILLE, NC",,
"150 S LEXINGTON AVE AND ASTON ST, ASHEVILLE, NC",,
"150 S LEXINGTON AVE AND PATTON AVE, ASHEVILLE, NC",,
"150 S MARKET EXT, ASHEVILLE, NC",,
"150 S MARKET ST AND COURT PLZ, ASHEVILLE, NC",,
"150 S MARKET ST AND EAGLE ST, ASHEVILLE, NC",,
"150 S MARKET ST AND S MARKET ST EXT, ASHEVILLE, NC",,
"150 S MARKET ST AND S PACK SQ, ASHEVILLE, NC",,
"150 S MARKET ST AND S PACK SQUARE, ASHEVILLE, NC",,
"150 S MARKET ST AND SYCAMORE ST, ASHEVILLE, NC",,
"150 S MARKET ST EXT AND S MARKET ST, ASHEVILLE, NC",,
"150 S MARKET ST EXT, ASHEVILLE, NC",,
"150 S MARKET ST, ASHEVILLE, NC",,
"150 S PACK PL, ASHEVILLE, NC",,
"150 S PACK SQ AND S MARKET ST, ASHEVILLE, NC",,
"150 S PACK SQ, ASHEVILLE, NC",,
"150 S PACK SQUARE, ASHEVILLE, NC",,
"150 S PARK CT, ASHEVILLE, NC",,
"150 S TUNNEL RD AND PARKING DECK, ASHEVILLE, NC",,
"150 S TUNNEL RD AND PVA, ASHEVILLE, NC",,
"150 S TUNNEL RD AND SEARS PVA, ASHEVILLE, NC",,
"150 S TUNNEL RD AND SWANNANOA RIVER RD, ASHEVILLE, NC",,
"150 S TUNNEL RD AND WHITE AVE, ASHEVILLE, NC",,
"150 S TUNNEL RD AND WOOD AVE, ASHEVILLE, NC",,
"150 S TUNNEL RD, ASHEVILLE, NC",,
"150 S TUNNEL ROAD, ASHEVILLE, NC",,
"150 S TUNNEL, ASHEVILLE, NC",,
"150 S W PACK SQ, ASHEVILLE, NC",,
"150 S W PACK SQUARE, ASHEVILLE, NC",,
"150 SANDLIN DR, ASHEVILLE, NC",,
"150 SCHOOL RD E AND FAIRVIEW RD, ASHEVILLE, NC",,
"150 SCHOOL RD E AND KENMORE ST, ASHEVILLE, NC",,
"150 SCHOOL RD E AND RALEIGH RD, ASHEVILLE, NC",,
"150 SCHOOL RD E AND WINSTON AVE, ASHEVILLE, NC",,
"150 SCHOOL RD E, ASHEVILLE, NC",,
"150 SELINA LN, ASHEVILLE, NC",,
"150 SHILOH RD AND BROOKLYN RD, ASHEVILLE, NC",,
"150 SHILOH RD AND HENDERSONVILLE RD, ASHEVILLE, NC",,
"150 SMOKEY PARK HWY AND I240, ASHEVILLE, NC",,
"150 SMOKEY PARK HWY TO I40 E AND SMOKEY PARK HWY, ASHEVILLE, NC",,
"150 SOUTH FRENCH BROAD, ASHEVILLE, NC",,
"150 SOUTH PACK SQUARE, ASHEVILLE, NC",,
"150 SOUTHSIDE AVE AND MCDOWELL ST TO SOUTHSIDE AVE, ASHEVILLE, NC",,
"150 STONE COTTAGE LN, ASHEVILLE, NC",,
"150 SUTTON ST, ASHEVILLE, NC",,
"150 SW PACK SQ, ASHEVILLE, NC",,
"150 SW PACK SQUARE, ASHEVILLE, NC",,
"150 SW PACK, ASHEVILLE, NC",,
"150 SWANNANOA RIVER RD AND BILTMORE AVE, ASHEVILLE, NC",,
"150 SWEETEN CREEK RD AND CRAYTON RD, ASHEVILLE, NC",,
"150 SWEETEN CREEK RD AND FAIRVIEW RD, ASHEVILLE, NC",,
"150 SWEETEN CREEK RD AND LONDON RD, ASHEVILLE, NC",,
"150 SWEETEN CREEK RD AND MEDICAL PARK DR, ASHEVILLE, NC",,
"150 SWEETEN CREEK RD AND W CHAPEL RD, ASHEVILLE, NC",,
"150 SWEETEN CREEK RD, ASHEVILLE, NC",,
"150 TALMADGE ST, ASHEVILLE, NC",,
"150 TOM PINNER LN, ASHEVILLE, NC",,
"150 TUNNEL DR, ASHEVILLE, NC",,
"150 TUNNEL R, ASHEVILLE, NC",,
"150 TUNNEL RD & I240 W TO I240 E AND TUNNEL RD TO I240 E, ASHEVILLE, NC",,
"150 TUNNEL RD & I240 W TO I240 E, ASHEVILLE, NC",,
"150 TUNNEL RD AND BEAUCATCHER TUNNEL RD, ASHEVILLE, NC",,
"150 TUNNEL RD AND CHUNNS COVE RD, ASHEVILLE, NC",,
"150 TUNNEL RD AND I240 E TO TUNNEL RD, ASHEVILLE, NC",,
"150 TUNNEL RD AND I240 E X6 TO TUNNEL RD, ASHEVILLE, NC",,
"150 TUNNEL RD AND KENILWORTH KNLS, ASHEVILLE, NC",,
"150 TUNNEL RD AND KENILWORTH RD, ASHEVILLE, NC",,
"150 TUNNEL RD AND MINERAL SPRINGS RD, ASHEVILLE, NC",,
"150 TUNNEL RD AND OLD CHUNNS COVE RD, ASHEVILLE, NC",,
"150 TUNNEL RD AND RESTAURANT CT, ASHEVILLE, NC",,
"150 TUNNEL RD AND TUNNEL RD TO I240 W X6, ASHEVILLE, NC",,
"150 TUNNEL RD AND TUNNEL RD TO I240 W, ASHEVILLE, NC",,
"150 TUNNEL RD TO I240 E AND I240 E, ASHEVILLE, NC",,
"150 TUNNEL RD TO I240 E, ASHEVILLE, NC",,
"150 TUNNEL RD TO I240 W X6 AND TUNNEL RD, ASHEVILLE, NC",,
"150 TUNNEL RD TO I240 W X7, ASHEVILLE, NC",,
"150 TUNNEL RD, ASHEVILLE, NC",,
"150 TUNNEL ROAD, ASHEVILLE, NC",,
"150 UNDERWOOD RD, ASHEVILLE, NC",,
"150 VIRGINIA AVE AND COWAN RD, ASHEVILLE, NC",,
"150 VIRGINIA AVE AND HAYWOOD RD, ASHEVILLE, NC",,
"150 VIRGINIA AVE AND LANGWELL AVE, ASHEVILLE, NC",,
"150 VIRGINIA AVE, ASHEVILLE, NC",,
"150 VIRGINIA, ASHEVILLE, NC",,
"150 W CHESTNUT ST AND BROADWAY ST, ASHEVILLE, NC",,
"150 W CHESTNUT ST AND CUMBERLAND AVE, ASHEVILLE, NC",,
"150 W CHESTNUT ST AND MONTFORD AVE, ASHEVILLE, NC",,
"150 W CHESTNUT ST AND WOODLAWN AVE, ASHEVILLE, NC",,
"150 W CHESTNUT ST, ASHEVILLE, NC",,
"150 W PACK SQ, ASHEVILLE, NC",,
"150 W WALNUT ST, ASHEVILLE, NC",,
"150 WALDEN DR, ASHEVILLE, NC",,
"150 WALNUT ST AND BROADWAY ST, ASHEVILLE, NC",,
"150 WALNUT ST AND CAROLINA LN, ASHEVILLE, NC",,
"150 WALNUT ST AND HAYWOOD ST, ASHEVILLE, NC",,
"150 WALNUT ST AND N LEXINGTON AVE, ASHEVILLE, NC",,
"150 WALNUT ST AND RANKIN AVE, ASHEVILLE, NC",,
"150 WALNUT ST, ASHEVILLE, NC",,
"150 WASHINGTON ST, ASHEVILLE, NC",,
"150 WEVERBO AVE, ASHEVILLE, NC",,
"150 WILBAR AVE AND SHORT COXE AVE, ASHEVILLE, NC",,
"150 WOOD AVE AND CHEERIO LN, ASHEVILLE, NC",,
"150 WOOD AVE AND FUTURE DR, ASHEVILLE, NC",,
"150 WOOD AVE AND S TUNNEL RD, ASHEVILLE, NC",,
"150 WOOD AVE AND SWANNANOA RIVER RD, ASHEVILLE, NC",,
"150 WOOD AVE, ASHEVILLE, NC",,
"150 WOODBINE RD, ASHEVILLE, NC",,
"150 WOODFIN ST AND CAROLINA LN, ASHEVILLE, NC",,
"150 WOODFIN ST AND CENTRAL AVE, ASHEVILLE, NC",,
"150 WOODFIN ST AND CHICKEN ALY, ASHEVILLE, NC",,
"150 WOODFIN ST AND WOODFIN ST TO I240 E, ASHEVILLE, NC",,
"150 WOODFIN ST, ASHEVILLE, NC",,
"1650 AIRPORT, ASHEVILLE, NC",,
"1950 HENDERSONVILLE RD AND ALLEN AVE, ASHEVILLE, NC",,
"1950 HENDERSONVILLE RD AND OAK FOREST BLVD, ASHEVILLE, NC",,
"1950 HENDERSONVILLE RD AND SPRINGSIDE RD, ASHEVILLE, NC",,
"1950 HENDERSONVILLE RD AND W SUMMIT AVE, ASHEVILLE, NC",,
"1950 HENDERSONVILLE RD, ASHEVILLE, NC",,
"1950 US 70 HWY AND WARREN WILSON RD, ASHEVILLE, NC",,
"2350 US 70 HWY, ASHEVILLE, NC",,
"240 AND BROADWAY AT BRIDGE, ASHEVILLE, NC",,
"240 AND EXT 8, ASHEVILLE, NC",,
"240 AND MERRIMON AVE, ASHEVILLE, NC",,
"240 AND PATTON AVE, ASHEVILLE, NC",,
"240 AT PATTON AVE, ASHEVILLE, NC",,
"240 E AND MM 8, ASHEVILLE, NC",,
"240 E AND TUNNEL RD, ASHEVILLE, NC",,
"240 EAST BOUND EXIT 4C, ASHEVILLE, NC",,
"240 EAST EXIT 5B, ASHEVILLE, NC",,
"240 EAST TO HAYWOOD RD, ASHEVILLE, NC",,
"240 EXIT 4 B, ASHEVILLE, NC",,
"240 W AND BROADWAY, ASHEVILLE, NC",,
"240 W AND EX 4A, ASHEVILLE, NC",,
"240 W AND MERRIMON AVE, ASHEVILLE, NC",,
"240 W AND MONTFORD EXIT, ASHEVILLE, NC",,
"240 WEST BOUND EXIT 2, ASHEVILLE, NC",,
"240E AND EXIT 2, ASHEVILLE, NC",,
"240E AND EXIT 6, ASHEVILLE, NC",,
"240E AND EXIT 7, ASHEVILLE, NC",,
"240E AND EXT 9, ASHEVILLE, NC",,
"240E AND TUNNEL RD, ASHEVILLE, NC",,
"240E EXIT 6, ASHEVILLE, NC",,
"240W AND EXIT 55, ASHEVILLE, NC",,
"240W AND EXIT 6, ASHEVILLE, NC",,
"240W AND MM5B, ASHEVILLE, NC",,
"250 BLK S FRENCH BROAD AVE, ASHEVILLE, NC",,
"250 COLLEGE ST AND OAK ST, ASHEVILLE, NC",,
"250 HANOVER ST AND CORDOVA ST, ASHEVILLE, NC",,
"250 HANOVER ST AND GRANADA ST, ASHEVILLE, NC",,
"250 HANOVER ST AND KENTUCKY DR, ASHEVILLE, NC",,
"250 HANOVER ST AND STEWART ST, ASHEVILLE, NC",,
"250 HANOVER ST, ASHEVILLE, NC",,
"250 HAYWOOD RD AND BEVERLY RD W, ASHEVILLE, NC",,
"250 HAYWOOD RD AND ELKIN ST, ASHEVILLE, NC",,
"250 HAYWOOD RD AND HOWARD ST, ASHEVILLE, NC",,
"250 HAYWOOD RD AND RIDGELAWN RD, ASHEVILLE, NC",,
"250 HAYWOOD RD, ASHEVILLE, NC",,
"250 HAYWOOD ST AND CARTER ST, ASHEVILLE, NC",,
"250 HAYWOOD ST AND CLINGMAN AVE TO I240 E, ASHEVILLE, NC",,
"250 HAYWOOD ST AND CLINGMAN AVE, ASHEVILLE, NC",,
"250 HAYWOOD ST AND N ANN ST, ASHEVILLE, NC",,
"250 HAYWOOD ST AND PATTON AVE, ASHEVILLE, NC",,
"250 HAYWOOD ST, ASHEVILLE, NC",,
"250 HAYWOOD STR, ASHEVILLE, NC",,
"250 HAYWOOD TER, ASHEVILLE, NC",,
"250 HILL ST AND RIVERSIDE DR, ASHEVILLE, NC",,
"250 HILLIARD AVE AND ASHELAND AVE, ASHEVILLE, NC",,
"250 HILLIARD AVE AND GROVE ST, ASHEVILLE, NC",,
"250 HILLIARD AVE AND PEARL ST, ASHEVILLE, NC",,
"250 HILLIARD AVE AND S FRENCH BROAD AVE, ASHEVILLE, NC",,
"250 HILLIARD AVE, ASHEVILLE, NC",,
"250 HILLSIDE ST AND CLAXTON PL, ASHEVILLE, NC",,
"250 HILLSIDE ST AND JULIA ST, ASHEVILLE, NC",,
"250 HILLSIDE ST AND MERRIMON AVE, ASHEVILLE, NC",,
"250 HILLSIDE ST AND WASHINGTON RD, ASHEVILLE, NC",,
"250 HILLSIDE ST, ASHEVILLE, NC",,
"250 I26 E AND I26 E TO NEW STOCK RD, ASHEVILLE, NC",,
"250 I26 E, ASHEVILLE, NC",,
"250 I26 W AND HILL ST, ASHEVILLE, NC",,
"250 I26 W AND I26 W TO HILL ST, ASHEVILLE, NC",,
"250 I26 W AND I26 W TO NEW STOCK RD, ASHEVILLE, NC",,
"250 LIVINGSTON ST AND BEECH HILL ST, ASHEVILLE, NC",,
"250 LIVINGSTON ST AND DEPOT ST, ASHEVILLE, NC",,
"250 LIVINGSTON ST AND GASTON ST, ASHEVILLE, NC",,
"250 LIVINGSTON ST AND HERMAN ST, ASHEVILLE, NC",,
"250 LIVINGSTON ST AND HIBERNIA ST, ASHEVILLE, NC",,
"250 LIVINGSTON ST AND S FRENCH BROAD AVE, ASHEVILLE, NC",,
"250 LIVINGSTON ST, ASHEVILLE, NC",,
"250 MONTFORD AVE AND CULLOWHEE ST, ASHEVILLE, NC",,
"250 MONTFORD AVE AND E WANETA ST, ASHEVILLE, NC",,
"250 MONTFORD AVE AND SOCO ST, ASHEVILLE, NC",,
"250 MONTFORD AVE AND WANETA ST, ASHEVILLE, NC",,
"250 MONTFORD AVE, ASHEVILLE, NC",,
"250 N LEICESTER HWY, ASHEVILLE, NC",,
"250 NEW LEICESTER HWY AND COMPTON DR, ASHEVILLE, NC",,
"250 NEW LEICESTER HWY AND GUINEVERE CT, ASHEVILLE, NC",,
"250 NEW LEICESTER HWY AND HARRISLAND DR, ASHEVILLE, NC",,
"250 NEW LEICESTER HWY, ASHEVILLE, NC",,
"250 OAK ST, ASHEVILLE, NC",,
"250 PATTON AVE AND CLINGMAN AVE, ASHEVILLE, NC",,
"250 S FRENCH BROAD AVE AND PHIFER ST, ASHEVILLE, NC",,
"250 S FRENCH BROAD AVE AND VERNELL AVE, ASHEVILLE, NC",,
"250 S FRENCH BROAD AVE, ASHEVILLE, NC",,
"250 SOUTH FRENCH BROAD AVE, ASHEVILLE, NC",,
"250 TUNNEL RD AND S TUNNEL RD, ASHEVILLE, NC",,
"250 VERONICA LN AND , ASHEVILLE, NC",,
"2550 US 70 HWY, ASHEVILLE, NC",,
"26W EXIT 26, ASHEVILLE, NC",,
"3150 RETREAT HILL WAY, ASHEVILLE, NC",,
"3250 US 70 HWY AND OLD US 70 HWY, ASHEVILLE, NC",,
"3250 US 70 HWY, ASHEVILLE, NC",,
"350 AVALON DR, ASHEVILLE, NC",,
"350 BREVARD RD AND BREVARD RD TO I240 W, ASHEVILLE, NC",,
"350 BROADWAY ST AND HILLSIDE ST, ASHEVILLE, NC",,
"350 FIRST AVE AND JAIL, ASHEVILLE, NC",,
"350 HILLARD AVE, ASHEVILLE, NC",,
"350 HILLIARD AVE AND KNOXVILLE PL, ASHEVILLE, NC",,
"350 HILLIARD AVE AND RECTOR ST, ASHEVILLE, NC",,
"350 HILLIARD AVE, ASHEVILLE, NC",,
"350 I26 E AND I26 E TO BREVARD RD, ASHEVILLE, NC",,
"350 I26 W AND AIRPORT RD TO I26 W, ASHEVILLE, NC",,
"350 I26 W AND LONG SHOALS RD TO I26 W, ASHEVILLE, NC",,
"350 I-26W  AND  I-40W, ASHEVILLE, NC",,
"350 I40 E AND I40 E TO WIGGINS RD, ASHEVILLE, NC",,
"350 SMOKEY PARK HWY AND SMOKEY PARK HWY TO I40 W, ASHEVILLE, NC",,
"350 STATE ST AND SHORT MICHIGAN AVE, ASHEVILLE, NC",,
"350 W HAYWOOD ST AND HILLIARD AVE, ASHEVILLE, NC",,
"40 EAST AND MM 55, ASHEVILLE, NC",,
"4050 RETREAT HILL WAY, ASHEVILLE, NC",,
"4250 RETREAT HILL WAY, ASHEVILLE, NC",,
"450 25A, ASHEVILLE, NC",,
"450 COX ST, ASHEVILLE, NC",,
"450 HAYWOOD RD AND ARGYLE LN, ASHEVILLE, NC",,
"450 HAYWOOD RD AND BURTON ST, ASHEVILLE, NC",,
"450 HAYWOOD RD AND HANOVER ST, ASHEVILLE, NC",,
"450 HAYWOOD RD AND I240 W TO HAYWOOD RD, ASHEVILLE, NC",,
"450 HAYWOOD RD AND WESTWOOD PL, ASHEVILLE, NC",,
"450 HAYWOOD RD, ASHEVILLE, NC",,
"450 HILL ST, ASHEVILLE, NC",,
"450 HILLIARD AVE AND RECTOR ST, ASHEVILLE, NC",,
"450 HILLIARD AVE, ASHEVILLE, NC",,
"450 I 40 AND WEST, ASHEVILLE, NC",,
"450 I40 E, ASHEVILLE, NC",,
"450 I40 W AND HENDERSONVILLE RD TO I40 W, ASHEVILLE, NC",,
"450 I40 W AND SMOKEY PARK HWY TO I40 W, ASHEVILLE, NC",,
"450 I40 W, ASHEVILLE, NC",,
"550 CARRINGTON PL, ASHEVILLE, NC",,
"550 FAIRVIEW RD AND GLENDALE AVE, ASHEVILLE, NC",,
"550 FAIRVIEW RD AND SHANNON DR, ASHEVILLE, NC",,
"550 FAIRVIEW RD AND UNAKA AVE, ASHEVILLE, NC",,
"550 FAIRVIEW RD AND WANOCA AVE, ASHEVILLE, NC",,
"550 FAIRVIEW RD, ASHEVILLE, NC",,
"550 HILLARD RD, ASHEVILLE, NC",,
"550 I40 E AND I40 E TO CHARLOTTE HWY/I40 E TO CHARLOTTE HWY, ASHEVILLE, NC",,
"550 I40 E AND I40 E TO HENDERSONVILLE RD, ASHEVILLE, NC",,
"550 I40 E AND I40 E TO PORTERS COVE RD, ASHEVILLE, NC",,
"550 I40 E AND I40 E TO SWEETEN CREEK RD, ASHEVILLE, NC",,
"550 I40 E, ASHEVILLE, NC",,
"550 PINOT DR, ASHEVILLE, NC",,
"650 CARRINGTON PL, ASHEVILLE, NC",,
"650 FAIRVIEW RD AND FAIRVIEW AVE, ASHEVILLE, NC",,
"650 FAIRVIEW RD AND HARMONY LN, ASHEVILLE, NC",,
"650 FAIRVIEW RD, ASHEVILLE, NC",,
"650 FAIRVIEW, ASHEVILLE, NC",,
"650 HAYWOOD RD AND DORCHESTER AVE, ASHEVILLE, NC",,
"650 HAYWOOD RD AND LOUISIANA AVE, ASHEVILLE, NC",,
"650 HAYWOOD RD AND MAJESTIC AVE, ASHEVILLE, NC",,
"650 HAYWOOD RD AND NEVADA AVE, ASHEVILLE, NC",,
"650 HAYWOOD RD AND STATE ST, ASHEVILLE, NC",,
"650 HAYWOOD RD AND VIRGINIA AVE, ASHEVILLE, NC",,
"650 HAYWOOD RD, ASHEVILLE, NC",,
"650 HAYWOOD, ASHEVILLE, NC",,
"650 I40 E, ASHEVILLE, NC",,
"650 LAWTON PK, ASHEVILLE, NC",,
"650 SAND HILL RD AND SCIENCE OF MIND WAY, ASHEVILLE, NC",,
"750 BREVARD RD AND BREVARD RD TO I26 W, ASHEVILLE, NC",,
"750 BROADWAY ST AND RIVERSIDE DR, ASHEVILLE, NC",,
"750 FAIRVIEW RD AND BALDWIN ST, ASHEVILLE, NC",,
"750 FAIRVIEW RD AND BLEACHERY BLVD, ASHEVILLE, NC",,
"750 FAIRVIEW RD AND CEDAR ST, ASHEVILLE, NC",,
"750 FAIRVIEW RD AND I240 E TO FAIRVIEW RD, ASHEVILLE, NC",,
"750 FAIRVIEW RD AND I240 E, ASHEVILLE, NC",,
"750 FAIRVIEW RD AND I240 W, ASHEVILLE, NC",,
"750 FAIRVIEW RD AND LIBERTY ST, ASHEVILLE, NC",,
"750 FAIRVIEW RD AND OLD FAIRVIEW RD, ASHEVILLE, NC",,
"750 FAIRVIEW RD AND SCHOOL RD E, ASHEVILLE, NC",,
"750 FAIRVIEW RD AND SPRINGDALE AVE, ASHEVILLE, NC",,
"750 FAIRVIEW RD, ASHEVILLE, NC",,
"750 FAIRVIEW ROAD, ASHEVILLE, NC",,
"750 HENDERSONVILLE RD AND BUSBEE RD, ASHEVILLE, NC",,
"750 HENDERSONVILLE RD AND GAINES AVE, ASHEVILLE, NC",,
"750 HENDERSONVILLE RD AND JEFFRESS AVE, ASHEVILLE, NC",,
"750 HENDERSONVILLE RD, ASHEVILLE, NC",,
"750 HENDERSONVILLE, ASHEVILLE, NC",,
"750 HVA RD, ASHEVILLE, NC",,
"750 N BROADWAY ST, ASHEVILLE, NC",,
"750 PATTON AVE AND HAZEL MILL RD, ASHEVILLE, NC",,
"750 PATTON AVE AND I240 E TO PATTON AVE W, ASHEVILLE, NC",,
"750 PATTON AVE AND I240 W, ASHEVILLE, NC",,
"750 PATTON AVE AND REGENT PARK BLVD, ASHEVILLE, NC",,
"750 PATTON AVE, ASHEVILLE, NC",,
"750 WOODCOCK DR, ASHEVILLE, NC",,
"850 BILTMORE AVE AND THOMPSON ST, ASHEVILLE, NC",,
"8MM I-240E, ASHEVILLE, NC",,
"9 I40 E OFF RAMP, ASHEVILLE, NC",,
"9350 HAYWOOD RD, ASHEVILLE, NC",,
"950 TUNNEL RD AND BEVERLY RD, ASHEVILLE, NC",,
"950 TUNNEL RD AND GOVERNORS VIEW RD, ASHEVILLE, NC",,
"950 TUNNEL RD AND MAPLE SPRINGS RD, ASHEVILLE, NC",,
"950 TUNNEL RD, ASHEVILLE, NC",,
"950 TUNNEL ROAD, ASHEVILLE, NC",,
"950 W CHAPEL RD AND BROOKLYN RD, ASHEVILLE, NC",,
"950 W CHAPEL RD AND LONDON RD, ASHEVILLE, NC",,
"950 W CHAPEL RD AND REED ST, ASHEVILLE, NC",,
"950 W CHAPEL RD AND TELFARE LN, ASHEVILLE, NC",,
"950 W CHAPEL RD AND TRIED ST, ASHEVILLE, NC",,
"950 W CHAPEL RD AND W CHAPEL CIR, ASHEVILLE, NC",,
"950 W CHAPEL RD, ASHEVILLE, NC",,
"950 WEST CHAPEL RD, ASHEVILLE, NC",,
"AIRPORT RD AND  I 26, ASHEVILLE, NC",,
"AIRPORT RD AND I 26, ASHEVILLE, NC",,
"AIRPORT RD AND I26, ASHEVILLE, NC",,
"AIRPORT, ASHEVILLE, NC",,
"ANDERSON COUNTY DETENTION, ASHEVILLE, NC",,
"ASHELAND AVE NEAR TRANSIT STATION, ASHEVILLE, NC",,
"ASHELAND AVE TRANSIT STATION, ASHEVILLE, NC",,
"ASHEVILLE TRANSIT CENTER, ASHEVILLE, NC",,
"ASHEVILLE TRANSIT CTR, ASHEVILLE, NC",,
"ASHEVILLE TRANSIT ON ASHELAND AVE, ASHEVILLE, NC",,
"AUTO STAR 240 BRIDGE NEAR WESTGATE, ASHEVILLE, NC",,
"B AND MISSION HOSPITAL, ASHEVILLE, NC",,
"B AND PRITCHARD PARK, ASHEVILLE, NC",,
"BATTERY PARK AVE AND OTIS ST, ASHEVILLE, NC",,
"BB&T TUNNEL RD, ASHEVILLE, NC",,
"BEAR CREEK MARINA, ASHEVILLE, NC",,
"BEHIND COMFORT SUITES ON WESTGATE PARKWAY, ASHEVILLE, NC",,
"BILTMORE AND PATTON, ASHEVILLE, NC",,
"BILTMORE AV AND PATTON AVE, ASHEVILLE, NC",,
"BILTMORE AVE @ OLD FORD DEALERSHIP, ASHEVILLE, NC",,
"BILTMORE AVE AND  PATTON AVE, ASHEVILLE, NC",,
"BILTMORE AVE AND COLLEGE ST, ASHEVILLE, NC",,
"BILTMORE AVE AND JUST PAST MISSION HOSPTIAL, ASHEVILLE, NC",,
"BILTMORE AVE AND ORANGE PEEL, ASHEVILLE, NC",,
"BILTMORE AVE AND PATTON AVE, ASHEVILLE, NC",,
"BILTMORE AVE AND PATTON, ASHEVILLE, NC",,
"BROADWAY AND 240, ASHEVILLE, NC",,
"BROADWAY AND I 240, ASHEVILLE, NC",,
"BROADWAY AND I 26 OFF RAMP, ASHEVILLE, NC",,
"BROADWAY AT MERRIMON AVE UNDER 240 BRIDGE, ASHEVILLE, NC",,
"BROADWAY ST AND I240E, ASHEVILLE, NC",,
"BROADWAY ST AND MARCELLUS ST, ASHEVILLE, NC",,
"BROADWAY ST, ASHEVILLE, NC",,
"BROADWAY, ASHEVILLE, NC",,
"BUS TRANSIT ON COXE AVE, ASHEVILLE, NC",,
"CARIBOU AND I 40, ASHEVILLE, NC",,
"CENTRAL AVE AND 240, ASHEVILLE, NC",,
"CHARLOTTE AND COLLEGE, ASHEVILLE, NC",,
"CHARLOTTE ST AND CITI STOP PVA, ASHEVILLE, NC",,
"CHARLOTTE ST AND I 240, ASHEVILLE, NC",,
"CHARLOTTE ST AND I240, ASHEVILLE, NC",,
"CHARLOTTE ST, ASHEVILLE, NC",,
"CHARLOTTE ST. EXIT I-240, ASHEVILLE, NC",,
"CHATHAM RD AND MERRIMON AVE, ASHEVILLE, NC",,
"CHURCH ST AND BATTON AVE, ASHEVILLE, NC",,
"CHURCH ST AND PATTON AVE, ASHEVILLE, NC",,
"CHURCH ST AND RAVENSCROFT, ASHEVILLE, NC",,
"CLAY COUNTY DETENTION CENTER, ASHEVILLE, NC",,
"COBBLE ST AND BROADWAY AVE, ASHEVILLE, NC",,
"COLLEGE ST AND CHARLOTTE ST, ASHEVILLE, NC",,
"COLLEGE ST AND HAYWOOD ST, ASHEVILLE, NC",,
"COLLEGE ST AND MARKET ST, ASHEVILLE, NC",,
"COLLEGE ST AND N LEXINGTON AVE, ASHEVILLE, NC",,
"COLLEGE ST AND PRITCHARD PARK, ASHEVILLE, NC",,
"COLLEGE ST AND RANKIN PARKING DECK, ASHEVILLE, NC",,
"COLLEGE ST AND TK TRIPPS PVA, ASHEVILLE, NC",,
"COLLEGE ST AND WALNUT ST, ASHEVILLE, NC",,
"CORNER OF NC 81 AND S TUNNEL RD, ASHEVILLE, NC",,
"COXE AVE AND TRANSIT, ASHEVILLE, NC",,
"DRAY ST AND  BOYD, ASHEVILLE, NC",,
"EX 37 AND I 40, ASHEVILLE, NC",,
"EXIT 1B, ASHEVILLE, NC",,
"EXIT 2 AND I240, ASHEVILLE, NC",,
"EXIT 21 AND I-26, ASHEVILLE, NC",,
"EXIT 33 AND I26, ASHEVILLE, NC",,
"EXIT 37 AND I40, ASHEVILLE, NC",,
"EXIT 46 AND I40 WB, ASHEVILLE, NC",,
"EXIT 4B I240E, ASHEVILLE, NC",,
"EXIT 51 @ I-40, ASHEVILLE, NC",,
"EXIT 55 AND I40, ASHEVILLE, NC",,
"EXIT 55 I40E, ASHEVILLE, NC",,
"EXIT 55 I-40W, ASHEVILLE, NC",,
"EXIT 7 240 W AT TUNNEL RD OFF RAMP, ASHEVILLE, NC",,
"EXIT 7 AND 240 W, ASHEVILLE, NC",,
"EXIT 7 I 240, ASHEVILLE, NC",,
"EXIT 7 I-240 TUNNEL RD, ASHEVILLE, NC",,
"EXIT 7 OFF I 240, ASHEVILLE, NC",,
"EXIT 7, I-240 E, ASHEVILLE, NC",,
"EXIT 8 I240E, ASHEVILLE, NC",,
"EXIT 9 ON I 26, ASHEVILLE, NC",,
"EXT 37 AND  240, ASHEVILLE, NC",,
"EXT 7 AND 240 W, ASHEVILLE, NC",,
"EXT 7 AND 240 WEST, ASHEVILLE, NC",,
"EXT 7 AND I 240, ASHEVILLE, NC",,
"EXT37 AND I 40, ASHEVILLE, NC",,
"EXT48 AND I 40W, ASHEVILLE, NC",,
"FAIRVIEW RD AND I240 ON RAMP, ASHEVILLE, NC",,
"GERALDS CT, ASHEVILLE, NC",,
"GRACIE GARDEN(PARK), ASHEVILLE, NC",,
"GREENVILLE COUNTY DENTENTION CENTER, ASHEVILLE, NC",,
"GREENVILLE DETENTION, ASHEVILLE, NC",,
"GROVE ST & HILLIARD, ASHEVILLE, NC",,
"H&B GROCERY, ASHEVILLE, NC",,
"HAYWOOD & N ANN, ASHEVILLE, NC",,
"HAYWOOD AND 240, ASHEVILLE, NC",,
"HAYWOOD RD AND 240E, ASHEVILLE, NC",,
"HAYWOOD RD AND I 240, ASHEVILLE, NC",,
"HAYWOOD RD AND I240 OFF RAMP W, ASHEVILLE, NC",,
"HAYWOOD RD AND I240E ON RAMP, ASHEVILLE, NC",,
"HAYWOOD RD AT I 240, ASHEVILLE, NC",,
"HAYWOOD RD AT I-240 WEST RAMP, ASHEVILLE, NC",,
"HAYWOOD RD, ASHEVILLE, NC",,
"HAYWOOD ST AND I240 EB, ASHEVILLE, NC",,
"HAYWOOD ST AND I240E, ASHEVILLE, NC",,
"HENDERSONVILLE RD AND I 40 E, ASHEVILLE, NC",,
"HENDERSONVILLE RD AND I 40 EAST, ASHEVILLE, NC",,
"HENDERSONVILLE RD AND I-26, ASHEVILLE, NC",,
"HIAWASSEE ST AND N LEXINGTON AVE, ASHEVILLE, NC",,
"HILL ST AND , ASHEVILLE, NC",,
"HILL ST AND I26W, ASHEVILLE, NC",,
"HILL ST, ASHEVILLE, NC",,
"HILLARD AVE AND ORANGE PEEL, ASHEVILLE, NC",,
"HILLIARD AND ORANGE PEEL, ASHEVILLE, NC",,
"HILLIARD AVE AND S FRENCH BROAD AVE, ASHEVILLE, NC",,
"HILLIARD ST AND S FRENCH BROAD AVE, ASHEVILLE, NC",,
"HILLSIDE AVE AND ATKINSON ST, ASHEVILLE, NC",,
"HILLSIDE ST AND RIVERSIDE DR, ASHEVILLE, NC",,
"HILLSIDE ST, ASHEVILLE, NC",,
"HORRY COUNTY, ASHEVILLE, NC",,
"HOT SPOT AND NEW LEICESTER HWY, ASHEVILLE, NC",,
"HOT SPOT PVA AND NEW LEICESTER HWY, ASHEVILLE, NC",,
"I 240  AND  EXIT 7, ASHEVILLE, NC",,
"I 240  AND  EXIT 8, ASHEVILLE, NC",,
"I 240  AND  HAYWOOD, ASHEVILLE, NC",,
"I 240 AND 70, ASHEVILLE, NC",,
"I 240 AND BOLEN BRIDGE, ASHEVILLE, NC",,
"I 240 AND BROADWAY AT THE BRIDGE, ASHEVILLE, NC",,
"I 240 AND CHARLOTTE ST, ASHEVILLE, NC",,
"I 240 AND EX 5, ASHEVILLE, NC",,
"I 240 AND EXIT 4A, ASHEVILLE, NC",,
"I 240 AND EXIT 6, ASHEVILLE, NC",,
"I 240 AND EXIT 7, ASHEVILLE, NC",,
"I 240 AND EXIT 8, ASHEVILLE, NC",,
"I 240 AND EXT 6, ASHEVILLE, NC",,
"I 240 AND EXT 7, ASHEVILLE, NC",,
"I 240 AND HAYWOOD RD, ASHEVILLE, NC",,
"I 240 AND HAYWOOD ST, ASHEVILLE, NC",,
"I 240 AND I 26W, ASHEVILLE, NC",,
"I 240 AND I 40, ASHEVILLE, NC",,
"I 240 AND JACKSONS CURVE, ASHEVILLE, NC",,
"I 240 AND MONTFORD AVE, ASHEVILLE, NC",,
"I 240 AND REGENT PARK, ASHEVILLE, NC",,
"I 240 AND TUNNEL RD, ASHEVILLE, NC",,
"I 240 AT HAYWOOD RD, ASHEVILLE, NC",,
"I 240 AT I 26, ASHEVILLE, NC",,
"I 240 AT MERRIMON AVE, ASHEVILLE, NC",,
"I 240 AT TUNNEL RD, ASHEVILLE, NC",,
"I 240 E  AND  EXIT 7, ASHEVILLE, NC",,
"I 240 E  AND  EXIT 8, ASHEVILLE, NC",,
"I 240 E AND  EXIT 7, ASHEVILLE, NC",,
"I 240 E AND EXIT 4C, ASHEVILLE, NC",,
"I 240 E AND EXT 5B, ASHEVILLE, NC",,
"I 240 E AND MM5, ASHEVILLE, NC",,
"I 240 E AT EXIT 6, ASHEVILLE, NC",,
"I 240 EAST AMBOY RD, ASHEVILLE, NC",,
"I 240 EAST AND EXIT 4B, ASHEVILLE, NC",,
"I 240 EAST AND EXIT 7, ASHEVILLE, NC",,
"I 240 EAST AND MERRIMON AVE ON RAMP, ASHEVILLE, NC",,
"I 240 EAST AND MERRIMON AVE, ASHEVILLE, NC",,
"I 240 EAST AND MM 3, ASHEVILLE, NC",,
"I 240 EAST BOUND NEAR CHARLOTTE ST, ASHEVILLE, NC",,
"I 240 EAST EXIT 4C, ASHEVILLE, NC",,
"I 240 EAST EXIT 7, ASHEVILLE, NC",,
"I 240 EAST ON BRIDGE, ASHEVILLE, NC",,
"I 240 EAST PAST EXIT 7, ASHEVILLE, NC",,
"I 240 EB AND 74A, ASHEVILLE, NC",,
"I 240 EB AND EXIT 4, ASHEVILLE, NC",,
"I 240 EB AND EXIT 55, ASHEVILLE, NC",,
"I 240 EB AND EXIT 6, ASHEVILLE, NC",,
"I 240 EB AND EXIT 7, ASHEVILLE, NC",,
"I 240 EB AND EXIT 8, ASHEVILLE, NC",,
"I 240 EB AND EXIT 9, ASHEVILLE, NC",,
"I 240 EB AND MERRIMON OFF RAMP, ASHEVILLE, NC",,
"I 240 EB AND PATTON AVE EXIT, ASHEVILLE, NC",,
"I 240 EB AND TUNNEL RD, ASHEVILLE, NC",,
"I 240 EB AND US 74, ASHEVILLE, NC",,
"I 240 EB ON RAMP EXIT 7, ASHEVILLE, NC",,
"I 240 EXIT 4C, ASHEVILLE, NC",,
"I 240 EXIT 7, ASHEVILLE, NC",,
"I 240 OFF RAMP AT TUNNEL RD, ASHEVILLE, NC",,
"I 240 OFF RAMP WEST BOUND OFF MERRIMON AVE, ASHEVILLE, NC",,
"I 240 OVERPASS AT MERRIMON AVE, ASHEVILLE, NC",,
"I 240 RAMP NEAR TUNNEL RD, ASHEVILLE, NC",,
"I 240 W  AND  EXIT 4A, ASHEVILLE, NC",,
"I 240 W  AND  EXIT 8, ASHEVILLE, NC",,
"I 240 W AND EXIT 1B, ASHEVILLE, NC",,
"I 240 W AND EXIT 2, ASHEVILLE, NC",,
"I 240 W EXIT 4C, ASHEVILLE, NC",,
"I 240 W NEAR MERRIMON AVE, ASHEVILLE, NC",,
"I 240 W, ASHEVILLE, NC",,
"I 240 WB AND CHARLOTTE ST, ASHEVILLE, NC",,
"I 240 WB AND EXIT 4C, ASHEVILLE, NC",,
"I 240 WB AND EXIT 6, ASHEVILLE, NC",,
"I 240 WB AND HAYWOOD RD, ASHEVILLE, NC",,
"I 240 WB AND MM 3, ASHEVILLE, NC",,
"I 240 WB AND WESTGATE PKWY, ASHEVILLE, NC",,
"I 240 WEST AND 19/23, ASHEVILLE, NC",,
"I 240 WEST AND BREVARD RD EXIT, ASHEVILLE, NC",,
"I 240 WEST AND EXIT 2, ASHEVILLE, NC",,
"I 240 WEST AND EXIT 3, ASHEVILLE, NC",,
"I 240 WEST AND EXIT 4A, ASHEVILLE, NC",,
"I 240 WEST AND EXIT 6, ASHEVILLE, NC",,
"I 240 WEST AND EXIT 7, ASHEVILLE, NC",,
"I 240 WEST AND MM 3, ASHEVILLE, NC",,
"I 240 WEST AND US 19, ASHEVILLE, NC",,
"I 240 WEST AT WEST GATE, ASHEVILLE, NC",,
"I 240 WEST EXIT 4, ASHEVILLE, NC",,
"I 240 WEST EXIT 7, ASHEVILLE, NC",,
"I 240 WEST NEAR EXIT 1 B, ASHEVILLE, NC",,
"I 240 WEST NEAR EXIT 6, ASHEVILLE, NC",,
"I 240 WEST ON RAMP FROM BROADWAY ST, ASHEVILLE, NC",,
"I 240 WEST ON RAMP FROM TUNNEL RD NEAR EXIT 6, ASHEVILLE, NC",,
"I 240 WESTBOUND BEFORE EXIT 6, ASHEVILLE, NC",,
"I 240, ASHEVILLE, NC",,
"I 240E  AND EXT 7, ASHEVILLE, NC",,
"I 240E @ EXIT 6, ASHEVILLE, NC",,
"I 240E AND MM 6, ASHEVILLE, NC",,
"I 240W EXIT 7, ASHEVILLE, NC",,
"I 240W, ASHEVILLE, NC",,
"I 26 AND  AIRPORT RD, ASHEVILLE, NC",,
"I 26 AND  PATTON AVE, ASHEVILLE, NC",,
"I 26 AND HILL ST, ASHEVILLE, NC",,
"I 26 AND LONG SHOALS, ASHEVILLE, NC",,
"I 26 AND MM 31, ASHEVILLE, NC",,
"I 26 EAST AND I 240 WEST, ASHEVILLE, NC",,
"I 26 EAST EXIT 33, ASHEVILLE, NC",,
"I 26 EB AND I 40, ASHEVILLE, NC",,
"I 26 EXIT 33, ASHEVILLE, NC",,
"I 26 W  33.5MM, ASHEVILLE, NC",,
"I 26 WB AND EXIT 25, ASHEVILLE, NC",,
"I 26 WEST AT HILL ST, ASHEVILLE, NC",,
"I 26 WEST BOUND PRIOR TO EXIT 25, ASHEVILLE, NC",,
"I 26E AND I 40, ASHEVILLE, NC",,
"I 26E EXIT 25, ASHEVILLE, NC",,
"I 40 AND EXIT 47, ASHEVILLE, NC",,
"I 40 AND EXIT 50, ASHEVILLE, NC",,
"I 40 AND EXIT 53, ASHEVILLE, NC",,
"I 40 AND EXIT 56, ASHEVILLE, NC",,
"I 40 AND I 26, ASHEVILLE, NC",,
"I 40 AND I240/EXIT 8, ASHEVILLE, NC",,
"I 40 AND MM 47.5, ASHEVILLE, NC",,
"I 40 AND MM 49 WB, ASHEVILLE, NC",,
"I 40 AND MM 49.5, ASHEVILLE, NC",,
"I 40 AND SWEETEN CREEK RD, ASHEVILLE, NC",,
"I 40 AT SWEETEN CREEK RD EXIT, ASHEVILLE, NC",,
"I 40 E AND  EXIT 50B, ASHEVILLE, NC",,
"I 40 EAST AND SWEETEN CREEK RD, ASHEVILLE, NC",,
"I 40 EAST EXIT 55, ASHEVILLE, NC",,
"I 40 EAST MILE MARKER 44, ASHEVILLE, NC",,
"I 40 EAST MM 42.5, ASHEVILLE, NC",,
"I 40 EAST MM 50, ASHEVILLE, NC",,
"I 40 EAST, ASHEVILLE, NC",,
"I 40 EB AND US 74A, ASHEVILLE, NC",,
"I 40 EXIT 37, ASHEVILLE, NC",,
"I 40 NEAR HWY191, ASHEVILLE, NC",,
"I 40 W AND  EXIT 46, ASHEVILLE, NC",,
"I 40 W AT HENDERSONVILLE RD, ASHEVILLE, NC",,
"I 40 WB AND EXIT 44, ASHEVILLE, NC",,
"I 40 WB AND EXIT 53, ASHEVILLE, NC",,
"I 40 WB AND MM 49, ASHEVILLE, NC",,
"I 40 WEST AND 153B, ASHEVILLE, NC",,
"I 40 WEST AND EXIT 50B, ASHEVILLE, NC",,
"I 40 WEST AND MM 50, ASHEVILLE, NC",,
"I 40 WEST AND MM 52, ASHEVILLE, NC",,
"I 40 WEST EXIT 44, ASHEVILLE, NC",,
"I 40E AND EXT 44, ASHEVILLE, NC",,
"I-240  AND  EXIT 8, ASHEVILLE, NC",,
"I-240  AND  N LEXINGTON AVE, ASHEVILLE, NC",,
"I240 AND CENTRAL AVE, ASHEVILLE, NC",,
"I-240 AND CHUNNS COVE RD, ASHEVILLE, NC",,
"I240 AND CHUNS COVE RD, ASHEVILLE, NC",,
"I240 AND EXIT 2, ASHEVILLE, NC",,
"I240 AND EXIT 4, ASHEVILLE, NC",,
"I240 AND EXIT 5, ASHEVILLE, NC",,
"I240 AND EXIT 7 EB, ASHEVILLE, NC",,
"I240 AND EXIT 7, ASHEVILLE, NC",,
"I240 AND EXIT6, ASHEVILLE, NC",,
"I240 AND EXT 8, ASHEVILLE, NC",,
"I240 AND HAYWOOD ST, ASHEVILLE, NC",,
"I-240 AND HAZEL MILL RD, ASHEVILLE, NC",,
"I240 AND I26W, ASHEVILLE, NC",,
"I240 AND I40, ASHEVILLE, NC",,
"I240 AND JACKSON CURVE, ASHEVILLE, NC",,
"I240 AND LEXINGTON AVE, ASHEVILLE, NC",,
"I-240 AND LEXINGTON AVE, ASHEVILLE, NC",,
"I240 AND MERRIMON AVE/MERRIMON AVE, ASHEVILLE, NC",,
"I240 AND MILE MARKER 2, ASHEVILLE, NC",,
"I240 AND MILE MARKER 6, ASHEVILLE, NC",,
"I240 AND MM 2, ASHEVILLE, NC",,
"I240 AND MM 3, ASHEVILLE, NC",,
"I240 AND MONTFORD AVE, ASHEVILLE, NC",,
"I240 AND N LEXINGTON AVE, ASHEVILLE, NC",,
"I240 AND N LEXINGTON, ASHEVILLE, NC",,
"I240 AND PATTON AVE, ASHEVILLE, NC",,
"I-240 AND SOUTH LEXINGTON AVE, ASHEVILLE, NC",,
"I240 AND TUNNEL RD, ASHEVILLE, NC",,
"I-240 AND TUNNEL RD, ASHEVILLE, NC",,
"I240 AND W ON RAMP TUNNEL RD EXIT 6, ASHEVILLE, NC",,
"I240 AND WB EXIT 7, ASHEVILLE, NC",,
"I-240 AT EXIT 7, ASHEVILLE, NC",,
"I240 AT MM 5.6, ASHEVILLE, NC",,
"I240 E  AND  MM 56, ASHEVILLE, NC",,
"I240 E  AND MERRIMON AVE, ASHEVILLE, NC",,
"I240 E - EXIT 3, ASHEVILLE, NC",,
"I-240 E 8MM, ASHEVILLE, NC",,
"I240 E AND BREVARD RD EXIT, ASHEVILLE, NC",,
"I240 E AND BROADWAY ST, ASHEVILLE, NC",,
"I240 E AND EXIT 2, ASHEVILLE, NC",,
"I240 E AND EXIT 4A, ASHEVILLE, NC",,
"I240 E AND EXIT 4B, ASHEVILLE, NC",,
"I240 E AND EXIT 5, ASHEVILLE, NC",,
"I-240 E AND EXIT 5, ASHEVILLE, NC",,
"I240 E AND EXIT 6, ASHEVILLE, NC",,
"I240 E AND EXIT 7, ASHEVILLE, NC",,
"I-240 E AND EXIT 7, ASHEVILLE, NC",,
"I240 E AND EXIT 8, ASHEVILLE, NC",,
"I-240 E AND EXIT 8, ASHEVILLE, NC",,
"I240 E AND I240 E X7 TO TUNNEL RD, ASHEVILLE, NC",,
"I240 E AND MERRIMON EXIT 5A, ASHEVILLE, NC",,
"I240 E EXIT 6, ASHEVILLE, NC",,
"I-240 E EXIT 8, ASHEVILLE, NC",,
"I240 E MILE MARKER 51, ASHEVILLE, NC",,
"I240 E MM 33, ASHEVILLE, NC",,
"I240 E MM 56, ASHEVILLE, NC",,
"I240 E MM9.5, ASHEVILLE, NC",,
"I240 E, ASHEVILLE, NC",,
"I-240 EAST   AND  TUNNEL RD, ASHEVILLE, NC",,
"I-240 EAST   OFF RAMP, ASHEVILLE, NC",,
"I-240 EAST  AND  MM 7, ASHEVILLE, NC",,
"I240 EAST AND EXIT 5, ASHEVILLE, NC",,
"I240 EAST AND EXIT 6, ASHEVILLE, NC",,
"I-240 EAST AND EXIT 7, ASHEVILLE, NC",,
"I240 EAST AND OPEN CUT, ASHEVILLE, NC",,
"I240 EAST AND TUNNEL RD, ASHEVILLE, NC",,
"I240 EAST EXIT 6, ASHEVILLE, NC",,
"I-240 EAST EXIT 6, ASHEVILLE, NC",,
"I240 EAST EXIT 7 TO TUNNEL RD, ASHEVILLE, NC",,
"I240 EAST EXIT 7, ASHEVILLE, NC",,
"I240 EAST, ASHEVILLE, NC",,
"I-240 EAST, ASHEVILLE, NC",,
"I240 EB AND  EXIT 7, ASHEVILLE, NC",,
"I240 EB AND CHARLOTTE ST, ASHEVILLE, NC",,
"I240 EB AND EXIT 4C, ASHEVILLE, NC",,
"I240 EB AND EXIT 5B, ASHEVILLE, NC",,
"I240 EB AND EXIT 6, ASHEVILLE, NC",,
"I240 EB AND EXIT 7, ASHEVILLE, NC",,
"I240 EB AND EXIT 8, ASHEVILLE, NC",,
"I240 EB AND EXIT 9, ASHEVILLE, NC",,
"I240 EB AND TUNNEL RD/EXIT 7, ASHEVILLE, NC",,
"I240 EB EXIT 6, ASHEVILLE, NC",,
"I240 EB EXIT 7, ASHEVILLE, NC",,
"I240 EB- EXIT 8, ASHEVILLE, NC",,
"I240 EB EXIT 9, ASHEVILLE, NC",,
"I240 EB MM 41, ASHEVILLE, NC",,
"I240 EB NR EXIT 6, ASHEVILLE, NC",,
"I240 EXIT 2, ASHEVILLE, NC",,
"I-240 EXIT 5, ASHEVILLE, NC",,
"I240 EXIT 6, ASHEVILLE, NC",,
"I240 EXIT 7, ASHEVILLE, NC",,
"I-240 EXIT 7, ASHEVILLE, NC",,
"I240 EXIT 8 EB, ASHEVILLE, NC",,
"I240 EXIT 8, ASHEVILLE, NC",,
"I240 EXIT 9, ASHEVILLE, NC",,
"I-240 EXIT 9, ASHEVILLE, NC",,
"I240 MM 7, ASHEVILLE, NC",,
"I240 MM2, ASHEVILLE, NC",,
"I-240 TA EXIT 8, ASHEVILLE, NC",,
"I240 TO I40 W, ASHEVILLE, NC",,
"I240 TO TUNNEL RD EXIT 6, ASHEVILLE, NC",,
"I240 W  AND  MM36, ASHEVILLE, NC",,
"I240 W AND EXIT 4C, ASHEVILLE, NC",,
"I240 W AND EXIT 6 RAMP, ASHEVILLE, NC",,
"I240 W AND EXIT 7, ASHEVILLE, NC",,
"I-240 W AND EXIT 7, ASHEVILLE, NC",,
"I240 W AND EXIT 8, ASHEVILLE, NC",,
"I240 W AND JACKSONS CURVE, ASHEVILLE, NC",,
"I-240 W AND MILE MARKER 36, ASHEVILLE, NC",,
"I240 W AND MM 6, ASHEVILLE, NC",,
"I240 W AND MONTFORD EXIT, ASHEVILLE, NC",,
"I240 W AND TUNNEL RD, ASHEVILLE, NC",,
"I240 W EXIT 2, ASHEVILLE, NC",,
"I240 W EXIT 4, ASHEVILLE, NC",,
"I240 W EXIT 7, ASHEVILLE, NC",,
"I-240 W EXIT 7, ASHEVILLE, NC",,
"I240 W MM1, ASHEVILLE, NC",,
"I-240 W MM45, ASHEVILLE, NC",,
"I240 W TO CHARLOTTE ST, ASHEVILLE, NC",,
"I-240 W, ASHEVILLE, NC",,
"I240 WB AND EXIT 2, ASHEVILLE, NC",,
"I240 WB AND EXIT 7, ASHEVILLE, NC",,
"I240 WB AND JEFF BOWEN BRIDGE, ASHEVILLE, NC",,
"I240 WB AND OFF RAMP/HAYWOOD RD, ASHEVILLE, NC",,
"I240 WB EXIT 2, ASHEVILLE, NC",,
"I240 WB EXIT 4, ASHEVILLE, NC",,
"I240 WB EXIT 7, ASHEVILLE, NC",,
"I240 WB, ASHEVILLE, NC",,
"I-240 WEST   AND  MONTFORD, ASHEVILLE, NC",,
"I-240 WEST  AND  MERRIMON AVE, ASHEVILLE, NC",,
"I-240 WEST  AND  MONTFORD, ASHEVILLE, NC",,
"I240 WEST AND  MM3, ASHEVILLE, NC",,
"I240 WEST AND 6.4 MM, ASHEVILLE, NC",,
"I240 WEST AND EXIT 2, ASHEVILLE, NC",,
"I240 WEST AND EXIT 4B, ASHEVILLE, NC",,
"I240 WEST AND MM 37, ASHEVILLE, NC",,
"I240 WEST EXIT 2, ASHEVILLE, NC",,
"I240 WEST EXIT 6, ASHEVILLE, NC",,
"I240 WESTBOUND EXIT 2, ASHEVILLE, NC",,
"I240 WESTBOUND EXIT 7, ASHEVILLE, NC",,
"I240 WESTBOUND, ASHEVILLE, NC",,
"I240, ASHEVILLE, NC",,
"I-240, ASHEVILLE, NC",,
"I240E  AND  5A, ASHEVILLE, NC",,
"I240E  AND  MM7, ASHEVILLE, NC",,
"I240E @ EXIT 7, ASHEVILLE, NC",,
"I240E AND  EXIT 6, ASHEVILLE, NC",,
"I240E AND 56 MM, ASHEVILLE, NC",,
"I240E AND CHARLOTTE ST, ASHEVILLE, NC",,
"I240E AND EXIT 5A, ASHEVILLE, NC",,
"I240E AND EXIT 6, ASHEVILLE, NC",,
"I240E AND EXIT 7, ASHEVILLE, NC",,
"I240E AND EXIT 8, ASHEVILLE, NC",,
"I-240E AND EXIT 8, ASHEVILLE, NC",,
"I240E AND EXIT 9, ASHEVILLE, NC",,
"I240E AND I26W, ASHEVILLE, NC",,
"I240E AND I40 W ON RAMP, ASHEVILLE, NC",,
"I240E AND I40E, ASHEVILLE, NC",,
"I240E AND I40W, ASHEVILLE, NC",,
"I240E AND OPEN CUT, ASHEVILLE, NC",,
"I240E AND PATTON AVE, ASHEVILLE, NC",,
"I-240E AND TUNNEL RD, ASHEVILLE, NC",,
"I240E BRIDGE AT MERRIMON AVE, ASHEVILLE, NC",,
"I240E EXIT 7, ASHEVILLE, NC",,
"I240E EXIT 8, ASHEVILLE, NC",,
"I-240E EXIT 8, ASHEVILLE, NC",,
"I-240E TUNNEL RD, ASHEVILLE, NC",,
"I240E, ASHEVILLE, NC",,
"I-240E, ASHEVILLE, NC",,
"I240EB AND EXIT 4B, ASHEVILLE, NC",,
"I240EB AND EXIT 8, ASHEVILLE, NC",,
"I240EB AND I26W, ASHEVILLE, NC",,
"I240EB AND MERRIMON AVE EXIT, ASHEVILLE, NC",,
"I240EB EXIT 6, ASHEVILLE, NC",,
"I240EB EXIT 8, ASHEVILLE, NC",,
"I240-MERRIMON AVE, ASHEVILLE, NC",,
"I240-TUNNEL RD, ASHEVILLE, NC",,
"I240W - I26 W, ASHEVILLE, NC",,
"I-240W @ I-40W, ASHEVILLE, NC",,
"I240W AND EXIT 2, ASHEVILLE, NC",,
"I240W AND EXIT 4C, ASHEVILLE, NC",,
"I240W AND EXIT 6, ASHEVILLE, NC",,
"I240W AND EXIT 7, ASHEVILLE, NC",,
"I-240W AND EXIT 7, ASHEVILLE, NC",,
"I240W AND I26 W HILL ST, ASHEVILLE, NC",,
"I240W AND JACKSON CURVE, ASHEVILLE, NC",,
"I240W AND JACKSONS CURVE, ASHEVILLE, NC",,
"I240W AND MILE MARKER 2, ASHEVILLE, NC",,
"I240W AND MONTFORD AVE, ASHEVILLE, NC",,
"I240W AND TUNNEL RD, ASHEVILLE, NC",,
"I240W AND WESTGATE, ASHEVILLE, NC",,
"I240W, ASHEVILLE, NC",,
"I240WB AND CHARLOTTE ST EXT, ASHEVILLE, NC",,
"I240WB AND CHARLOTTE ST, ASHEVILLE, NC",,
"I240WB AND EXIT 2, ASHEVILLE, NC",,
"I240WB AND OFF RAMP HAYWOOD RD, ASHEVILLE, NC",,
"I250 EB AND EXIT 4, ASHEVILLE, NC",,
"I26 AND EXIT 13, ASHEVILLE, NC",,
"I26 AND EXIT 25, ASHEVILLE, NC",,
"I26 AND EXIT 33, ASHEVILLE, NC",,
"I26 AND HILL ST, ASHEVILLE, NC",,
"I26 AND I240, ASHEVILLE, NC",,
"I-26 AND I-40, ASHEVILLE, NC",,
"I26 AND LONG SHOALS RD, ASHEVILLE, NC",,
"I26 AND MM 33 , ASHEVILLE, NC",,
"I26 AND MM 33, ASHEVILLE, NC",,
"I26 AND W/HILL ST, ASHEVILLE, NC",,
"I26 E AND EXIT 33, ASHEVILLE, NC",,
"I26 E AND I26 E TO BROADWAY ST, ASHEVILLE, NC",,
"I26 E EXIT 31, ASHEVILLE, NC",,
"I26 MM 38, ASHEVILLE, NC",,
"I26 MM24, ASHEVILLE, NC",,
"I-26 W AND 254 BLOCK, ASHEVILLE, NC",,
"I26 W AND EXIT 25, ASHEVILLE, NC",,
"I26 WB AND EXIT 25, ASHEVILLE, NC",,
"I26 WB AND HILL ST AREA, ASHEVILLE, NC",,
"I26 WB AND HILL ST, ASHEVILLE, NC",,
"I26 WB AND MM 31, ASHEVILLE, NC",,
"I26 WB MM 33, ASHEVILLE, NC",,
"I26 WB NR 20, ASHEVILLE, NC",,
"I-26 WEST  AND  EXIT 25, ASHEVILLE, NC",,
"I26 WEST AND  EXIT 5, ASHEVILLE, NC",,
"I26 WEST AND I40 EAST, ASHEVILLE, NC",,
"I26 WEST AND NEW STOCK RD, ASHEVILLE, NC",,
"I26 WEST EXIT 25, ASHEVILLE, NC",,
"I26E AND EXIT 24, ASHEVILLE, NC",,
"I26E AND EXIT 27, ASHEVILLE, NC",,
"I26E AND EXIT 33, ASHEVILLE, NC",,
"I26E MM 33, ASHEVILLE, NC",,
"I-26E MM33, ASHEVILLE, NC",,
"I26E, ASHEVILLE, NC",,
"I-26E, EXIT 33, ASHEVILLE, NC",,
"I-26E, EXIT 37, MM 326, ASHEVILLE, NC",,
"I26EB AND EXIT 37, ASHEVILLE, NC",,
"I26EB AND MM 36, ASHEVILLE, NC",,
"I26W  AND  EXIT 23, ASHEVILLE, NC",,
"I26W  AND  MM33, ASHEVILLE, NC",,
"I26W AND EXIT 24, ASHEVILLE, NC",,
"I26W AND EXIT 25, ASHEVILLE, NC",,
"I26W AND EXIT 33, ASHEVILLE, NC",,
"I26W AND HILL ST, ASHEVILLE, NC",,
"I26W AND MILE MARKER 25, ASHEVILLE, NC",,
"I26W AND MILE MARKER 32, ASHEVILLE, NC",,
"I26W MM24, ASHEVILLE, NC",,
"I26WB AND EXIT 25, ASHEVILLE, NC",,
"I26WB MM 25, ASHEVILLE, NC",,
"I-40  AND  HWY 25, ASHEVILLE, NC",,
"I-40 51MM, ASHEVILLE, NC",,
"I40 AND 240E, ASHEVILLE, NC",,
"I40 AND I240, ASHEVILLE, NC",,
"I40 AND MILE MARKER 53, ASHEVILLE, NC",,
"I40 E AND 53 MM, ASHEVILLE, NC",,
"I40 E AND I40 E TO SMOKEY PARK HWY, ASHEVILLE, NC",,
"I40 E EXIT 44, ASHEVILLE, NC",,
"I40 E NEAR EXIT 55, ASHEVILLE, NC",,
"I-40 EAST AND I-26, ASHEVILLE, NC",,
"I40 EAST, ASHEVILLE, NC",,
"I40 EB AND EXIT 44, ASHEVILLE, NC",,
"I40 EB AND EXIT 53A, ASHEVILLE, NC",,
"I40 EB AND EXIT 55, ASHEVILLE, NC",,
"I40 EB MM 54, ASHEVILLE, NC",,
"I40 EXIT 37, ASHEVILLE, NC",,
"I40 EXIT 44, ASHEVILLE, NC",,
"I40 MM51, ASHEVILLE, NC",,
"I-40 NEAR MM56, ASHEVILLE, NC",,
"I40 W  EXIT 51 OFF RAMP, ASHEVILLE, NC",,
"I40 W  MM43, ASHEVILLE, NC",,
"I40 W AND EXIT 44 MM, ASHEVILLE, NC",,
"I40 W AND EXIT 53 A, ASHEVILLE, NC",,
"I40 W EXIT53, ASHEVILLE, NC",,
"I40 W MM 43, ASHEVILLE, NC",,
"I40 W SMOKEY PARK HWY EXIT 44, ASHEVILLE, NC",,
"I40 W, ASHEVILLE, NC",,
"I40 WB AND EXIT 53, ASHEVILLE, NC",,
"I-40 WEST  AND  BREVARD RD, ASHEVILLE, NC",,
"I40 WEST EXIT 53A, ASHEVILLE, NC",,
"I40, ASHEVILLE, NC",,
"I-40E AND EXIT 43, ASHEVILLE, NC",,
"I40E AND EXIT 51, ASHEVILLE, NC",,
"I40E AND EXIT 55, ASHEVILLE, NC",,
"I40E AND EXIT 8, ASHEVILLE, NC",,
"I40E AND MILE MARKER 50, ASHEVILLE, NC",,
"I40E AND MM 53, ASHEVILLE, NC",,
"I-40E AND PORTERS COVE RD, ASHEVILLE, NC",,
"I40E AND US 25, ASHEVILLE, NC",,
"I40E EXIT 53, ASHEVILLE, NC",,
"I40E EXIT 55, ASHEVILLE, NC",,
"I-40E EXIT 55, ASHEVILLE, NC",,
"I40E TO I26E, ASHEVILLE, NC",,
"I40EB AND EXIT 50, ASHEVILLE, NC",,
"I40EB AND EXIT 55, ASHEVILLE, NC",,
"I40EB AND EXIT 59, ASHEVILLE, NC",,
"I40W AND 19/23, ASHEVILLE, NC",,
"I40W AND EXIT 47, ASHEVILLE, NC",,
"I-40W AND EXIT 51, ASHEVILLE, NC",,
"I40W AND MM 45, ASHEVILLE, NC",,
"I-40W EXIT 44, ASHEVILLE, NC",,
"I40W- EXIT 50 A, ASHEVILLE, NC",,
"I-40W EXIT 50A, ASHEVILLE, NC",,
"I-40W MM55, ASHEVILLE, NC",,
"I-40W ON RAMP EXIT 44, ASHEVILLE, NC",,
"I40W, ASHEVILLE, NC",,
"I-40W, EXIT 44, ASHEVILLE, NC",,
"I40WB OFF RAMP EXIT 44, ASHEVILLE, NC",,
"INTERSECTION CUMBERLAND AND CATTABAW, ASHEVILLE, NC",,
"INTERSTATE 240 AND EXIT 6, ASHEVILLE, NC",,
"INTERSTATE 26 W, ASHEVILLE, NC",,
"J & S CAFETERIA AIR PORT RD, ASHEVILLE, NC",,
"JERRY ST N, ASHEVILLE, NC",,
"JUANITA AND MONTFORD AVE, ASHEVILLE, NC",,
"KNOX COUNTY JAIL, ASHEVILLE, NC",,
"KNOX COUNTY, ASHEVILLE, NC",,
"LA GRANGE GEORGIA, ASHEVILLE, NC",,
"LEXINGTON AND 240, ASHEVILLE, NC",,
"LEXINGTON AND I 240, ASHEVILLE, NC",,
"LEXINGTON AVE AND  I 240, ASHEVILLE, NC",,
"LEXINGTON AVE AND 240, ASHEVILLE, NC",,
"LEXINGTON AVE AND HIAWASSEE, ASHEVILLE, NC",,
"LEXINGTON AVE AND I240 BRIDGE, ASHEVILLE, NC",,
"LEXINGTON AVE AND I-240, ASHEVILLE, NC",,
"LEXINGTON AVE AT I 240, ASHEVILLE, NC",,
"LEXINGTON AVE, ASHEVILLE, NC",,
"LONGS SHOALS RD AND I26E MILE MARKER 37, ASHEVILLE, NC",,
"LUMPKIN COUNTY GA JAIL, ASHEVILLE, NC",,
"MARION CORRECTIONAL, ASHEVILLE, NC",,
"MATTHEWS FORD ON BILTMORE AVE, ASHEVILLE, NC",,
"MCDONOUGH JAIL, ASHEVILLE, NC",,
"MECKLENBURG COUNTY, ASHEVILLE, NC",,
"MERRIMON AVE AND N LEXINGTON, ASHEVILLE, NC",,
"MERRIMON AVE AND WOODBINE RD, ASHEVILLE, NC",,
"MICHIGAN AVE AND ALABAMA AVE, ASHEVILLE, NC",,
"MILE MARKER 42 EB, ASHEVILLE, NC",,
"MISSION HOSPITAL, ASHEVILLE, NC",,
"MISSON HOSPITAL, ASHEVILLE, NC",,
"MM 54 AND I40EB, ASHEVILLE, NC",,
"MONTFORD AVE AND COLEY ST, ASHEVILLE, NC",,
"MONTFORD AVE AND F&J FOOD MART, ASHEVILLE, NC",,
"MONTFORD AVE AND I 240, ASHEVILLE, NC",,
"N LEXINGON AVE, ASHEVILLE, NC",,
"N LEXINGTON AND  I 240, ASHEVILLE, NC",,
"N LEXINGTON AND I 240, ASHEVILLE, NC",,
"N LEXINGTON AND I-204 E, ASHEVILLE, NC",,
"N LEXINGTON AND I-240, ASHEVILLE, NC",,
"N LEXINGTON AND WASHINGTON, ASHEVILLE, NC",,
"N LEXINGTON AT I 240, ASHEVILLE, NC",,
"N LEXINGTON AVE AND  I 240, ASHEVILLE, NC",,
"N LEXINGTON AVE AND HIAWASEE ST, ASHEVILLE, NC",,
"N LEXINGTON AVE AND HIAWASSEE ST, ASHEVILLE, NC",,
"N LEXINGTON AVE AND I 240, ASHEVILLE, NC",,
"N LEXINGTON AVE AND I240 BRIDGE, ASHEVILLE, NC",,
"N LEXINGTON AVE AND I240 OVERPASS, ASHEVILLE, NC",,
"N LEXINGTON AVE AND I240, ASHEVILLE, NC",,
"N LEXINGTON AVE AND I-240, ASHEVILLE, NC",,
"N LEXINGTON AVE AND PATTON AVE, ASHEVILLE, NC",,
"N LEXINGTON AVE AND WOODFIN ST, ASHEVILLE, NC",,
"N LEXINGTON AVE AT I-240 OVERPASS, ASHEVILLE, NC",,
"N LEXINGTON AVE, ASHEVILLE, NC",,
"N LEXINGTON UNDER 240, ASHEVILLE, NC",,
"N PACK AND COLLEGE ST, ASHEVILLE, NC",,
"NC 63 AND HOT SPOT, ASHEVILLE, NC",,
"NC 81 AND S TUNNEL RD, ASHEVILLE, NC",,
"NC 81 AND WOOD AVE, ASHEVILLE, NC",,
"NC 81 AT S TUNNEL RD, ASHEVILLE, NC",,
"NC 81 HWY AND S TUNNEL RD, ASHEVILLE, NC",,
"NEW AIRPORT RD AND I26, ASHEVILLE, NC",,
"NEW HANOVER COUNTY, ASHEVILLE, NC",,
"NEW LECIESTER HWY AND HOT SPOT PVA, ASHEVILLE, NC",,
"NEW LEICESTER HWY AND JORDANS HOT SPOT, ASHEVILLE, NC",,
"NEWPORT, ASHEVILLE, NC",,
"NORTH HAMPTON COUNTY JAIL, ASHEVILLE, NC",,
"NORTH LEXINGTON AVE  AND  I-240, ASHEVILLE, NC",,
"OFF RAMP I240 AND HAYWOOD RD, ASHEVILLE, NC",,
"ON RAMP AND 126W/240W, ASHEVILLE, NC",,
"ON RAMP I 240 WEST BOUND AT AMBOY RD, ASHEVILLE, NC",,
"ON RAMP I 26 AT HAYWOOD RD, ASHEVILLE, NC",,
"ON RAMP I240 TO TUNNEL RD EXIT 7, ASHEVILLE, NC",,
"ON RAMP I40W AND HENDERSONVILLE RD, ASHEVILLE, NC",,
"ORANGE PEEL, ASHEVILLE, NC",,
"ORANGE ST AND HAYWOOD ST, ASHEVILLE, NC",,
"PACK  SP, ASHEVILLE, NC",,
"PACK SQ, ASHEVILLE, NC",,
"PACK SQUARE, ASHEVILLE, NC",,
"PACKS SQUARE, ASHEVILLE, NC",,
"PATTON AVE AND  LEXINGTON AVE, ASHEVILLE, NC",,
"PATTON AVE AND  S. FR BR, ASHEVILLE, NC",,
"PATTON AVE AND BILTMORE  AVE, ASHEVILLE, NC",,
"PATTON AVE AND BILTMORE AVE, ASHEVILLE, NC",,
"PATTON AVE AND I240, ASHEVILLE, NC",,
"PATTON AVE AND I26 E, ASHEVILLE, NC",,
"PATTON AVE AND I26, ASHEVILLE, NC",,
"PATTON AVE AND LEXINGTON AVE, ASHEVILLE, NC",,
"PATTON AVE AND N LEXINGTON AVE, ASHEVILLE, NC",,
"PATTON AVE AND S LEXINGTON AVE, ASHEVILLE, NC",,
"PATTON AVE NEAR COXE AVE, ASHEVILLE, NC",,
"PATTON AVE NEAR LEXINGTON AVE, ASHEVILLE, NC",,
"PORTERS COVE RD AND EXIT 55, ASHEVILLE, NC",,
"PORTERS COVE RD AND I40, ASHEVILLE, NC",,
"PORTERS COVE RD AND RAILROAD, ASHEVILLE, NC",,
"PRITCHARD PARK AND PATTON AVE, ASHEVILLE, NC",,
"PRITCHARD PARK, ASHEVILLE, NC",,
"PRTICHERD PARK, ASHEVILLE, NC",,
"RANKIN AVE AND PVA, ASHEVILLE, NC",,
"RANKIN AVE PARKING DECK, ASHEVILLE, NC",,
"RANKIN PARKING DECK, ASHEVILLE, NC",,
"RANKIN PARKING GARAGE AT COLLEGE ST, ASHEVILLE, NC",,
"RIDGECEST EXIT AT I 40, ASHEVILLE, NC",,
"RIVERSIDE DR NEAR HILL ST, ASHEVILLE, NC",,
"RIVERSIDE DR ONRAMP I26N, ASHEVILLE, NC",,
"RIVERSIDE DR, ASHEVILLE, NC",,
"S CHARLOTTE ST AND BELMONT ST, ASHEVILLE, NC",,
"S CHARLOTTE ST AND SYCAMORE ST, ASHEVILLE, NC",,
"S FRENCH BROAD AND DALEY ST, ASHEVILLE, NC",,
"S FRENCH BROAD AND HILLIARD, ASHEVILLE, NC",,
"S FRENCH BROAD AV, ASHEVILLE, NC",,
"S FRENCH BROAD AVE AND DAILY DR, ASHEVILLE, NC",,
"S FRENCH BROAD AVE AND HILLARD AVE, ASHEVILLE, NC",,
"S FRENCH BROAD AVE AND HILLIARD AVE, ASHEVILLE, NC",,
"S FRENCH BROAD AVE, ASHEVILLE, NC",,
"S FRENCH BROAD, ASHEVILLE, NC",,
"S LEXINGTON AVE AND PATTON AVE, ASHEVILLE, NC",,
"S PACK SQ AND PATTON AVE, ASHEVILLE, NC",,
"S TUNNEL RD AND NC 81, ASHEVILLE, NC",,
"S. FRENCH BROAD AND HILLIARD, ASHEVILLE, NC",,
"SHORT MICHIGAN AVE AND MICHIGAN AVE, ASHEVILLE, NC",,
"SHORT MICHIGAN AVE, ASHEVILLE, NC",,
"SMOKEY PARK HWY AND I40, ASHEVILLE, NC",,
"SMOKEY PARK HWY AND INTERSTATE 40, ASHEVILLE, NC",,
"SMOKEY PARK HWY AND MCDONALDS, ASHEVILLE, NC",,
"SMOKEY PARK HWY ON EXIT RAMP TO I40, ASHEVILLE, NC",,
"SMOKY PARK HWY EXIT 44, ASHEVILLE, NC",,
"SOUTH FRENCH BROAD  AND  HILLIARD, ASHEVILLE, NC",,
"SPARTANBURG COUNTY JAIL, ASHEVILLE, NC",,
"SPARTANBURG COUNTY, ASHEVILLE, NC",,
"SPRINGVILLE AVE, ASHEVILLE, NC",,
"STATE ST AND I 240 BRIDGE, ASHEVILLE, NC",,
"STATE ST AND SHORT MICHIGAN AVE, ASHEVILLE, NC",,
"STEWART ST AND SHORT MICHIGAN, ASHEVILLE, NC",,
"SULLIVAN COUNTY DENTION CENTER, ASHEVILLE, NC",,
"SWANNANOA RIVER RD AND S TUNNEL RD, ASHEVILLE, NC",,
"THE ORANGE PEEL, ASHEVILLE, NC",,
"TRANSIT, ASHEVILLE, NC",,
"TUNNEL RD AND  I240, ASHEVILLE, NC",,
"TUNNEL RD AND 1-240, ASHEVILLE, NC",,
"TUNNEL RD AND 240 EXIT 7, ASHEVILLE, NC",,
"TUNNEL RD AND I 240 EB, ASHEVILLE, NC",,
"TUNNEL RD AND I 240 EXIT 6, ASHEVILLE, NC",,
"TUNNEL RD AND I 240 WB EXIT 6, ASHEVILLE, NC",,
"TUNNEL RD AND I 240 WEST ON RAMP, ASHEVILLE, NC",,
"TUNNEL RD AND I 240, ASHEVILLE, NC",,
"TUNNEL RD AND I240 EXIT 6, ASHEVILLE, NC",,
"TUNNEL RD AND I240 EXIT 7, ASHEVILLE, NC",,
"TUNNEL RD AND I240 W ON RAMP, ASHEVILLE, NC",,
"TUNNEL RD AND I-240 W/EXIT 7, ASHEVILLE, NC",,
"TUNNEL RD AND I240/EXIT 7, ASHEVILLE, NC",,
"TUNNEL RD AND RUSSELL RD, ASHEVILLE, NC",,
"TUNNEL RD AND SERVICE RD, ASHEVILLE, NC",,
"TUNNEL RD AT I 240 EAST BOUND, ASHEVILLE, NC",,
"UNDER 240 BRIDGE AT N LEXINGTON AVE, ASHEVILLE, NC",,
"US 19 23 N  AND  HILL ST, ASHEVILLE, NC",,
"US 19 AND 23/I 240, ASHEVILLE, NC",,
"US 19 AND I 26, ASHEVILLE, NC",,
"US 25 AND  I40, ASHEVILLE, NC",,
"US 25 AND 70 JUPITER RD, ASHEVILLE, NC",,
"US 25 AND PARKWAY, ASHEVILLE, NC",,
"US 25 HWY S AND I26, ASHEVILLE, NC",,
"US 25, ASHEVILLE, NC",,
"US 25A AND I40, ASHEVILLE, NC",,
"US 70 AND PARKWAY, ASHEVILLE, NC",,
"US 70, ASHEVILLE, NC",,
"US HWY 70 AND PARKWAY ENTRANCE, ASHEVILLE, NC",,
"US25 AND 70 JUPITER RD, ASHEVILLE, NC",,
"WASHINGTON COUNTY, ASHEVILLE, NC",,
"WB I240 EXIT 7, ASHEVILLE, NC",,
"WESTGATE AND CRAVEN CONNECTOR, ASHEVILLE, NC",,
"WESTGATE, ASHEVILLE, NC",,
"WILSON AND VALLEY, ASHEVILLE, NC",,
"WOOD AVE AND CEADER ST, ASHEVILLE, NC",,
"WOOD LINE NEAR SQUARE D, ASHEVILLE, NC",,
